"Project.Name","User.Email","Plate.Name","Well","NCBITaxId","Sample.Name","Concentration.ng.ul.","Volume.ul.","Experimental.Condition","Tissue.Type","Within.plate.num","rowname","plate.order","rep","done_box_number","Extraction_day_1_date","Tube_number","QC_pass","initial.conc","dilution.H2O","dilution.sample"
"SweetCornRNAseqExp","jmh579@cornell.edu","SC_RNA_01","A01","4577","19A0205",203,"20","Experimental","Kernel",1,"1",1,"1",2,2020-06-18,20,TRUE,815.697,15,5
"SweetCornRNAseqExp","jmh579@cornell.edu","SC_RNA_01","B01","4577","19A0303",214,"20","Experimental","Kernel",2,"2",2,"1",2,2020-06-21,18,TRUE,1428.1,17,3
"SweetCornRNAseqExp","jmh579@cornell.edu","SC_RNA_01","C01","4577","19A0202",226,"20","Experimental","Kernel",3,"3",3,"1",5,2020-07-07,12,TRUE,756.193,14,6
"SweetCornRNAseqExp","jmh579@cornell.edu","SC_RNA_01","D01","4577","19A0240",214,"20","Experimental","Kernel",4,"4",4,"2",6,2020-07-19,24,TRUE,858.728,15,5
"SweetCornRNAseqExp","jmh579@cornell.edu","SC_RNA_01","E01","4577","19A0366",209,"20","Experimental","Kernel",5,"5",5,"1",6,2020-07-09,11,TRUE,838.469,15,5
"SweetCornRNAseqExp","jmh579@cornell.edu","SC_RNA_01","F01","4577","19A0210",226,"20","Experimental","Kernel",6,"6",6,"1",3,2020-06-28,16,TRUE,907.018,15,5
"SweetCornRNAseqExp","jmh579@cornell.edu","SC_RNA_01","G01","4577","19A0148",202,"20","Experimental","Kernel",7,"7",7,"1",4,2020-07-01,22,TRUE,811.411,15,5
"SweetCornRNAseqExp","jmh579@cornell.edu","SC_RNA_01","H01","4577","19A0369",218,"20","Experimental","Kernel",8,"8",8,"2",7,2020-07-20,21,TRUE,872.982,15,5
"SweetCornRNAseqExp","jmh579@cornell.edu","SC_RNA_01","A02","4577","19A0133",224,"20","Experimental","Kernel",9,"9",9,"2",6,2020-07-16,16,TRUE,642.048,13,7
"SweetCornRNAseqExp","jmh579@cornell.edu","SC_RNA_01","B02","4577","19A0410",257,"20","Experimental","Kernel",10,"10",10,"1",1,2020-03-15,19,TRUE,2577.144,18,2
"SweetCornRNAseqExp","jmh579@cornell.edu","SC_RNA_01","C02","4577","19A0231",220,"20","Experimental","Kernel",11,"11",11,"1",2,2020-06-22,11,TRUE,1103.111,16,4
"SweetCornRNAseqExp","jmh579@cornell.edu","SC_RNA_01","D02","4577","19A0262",203,"20","Experimental","Kernel",12,"12",12,"1",2,2020-06-21,9,TRUE,508.988,12,8
"SweetCornRNAseqExp","jmh579@cornell.edu","SC_RNA_01","E02","4577","19A0192",220,"20","Experimental","Kernel",13,"13",13,"1",3,2020-06-29,2,TRUE,489.528,11,9
"SweetCornRNAseqExp","jmh579@cornell.edu","SC_RNA_01","F02","4577","19A0024",210,"20","Experimental","Kernel",14,"14",14,"1",2,2020-06-22,8,TRUE,600.013,13,7
"SweetCornRNAseqExp","jmh579@cornell.edu","SC_RNA_01","G02","4577","19A0382",219,"20","Experimental","Kernel",15,"15",15,"2",6,2020-07-19,13,TRUE,878.709,15,5
"SweetCornRNAseqExp","jmh579@cornell.edu","SC_RNA_01","H02","4577","19A0359",245,"20","Experimental","Kernel",16,"16",16,"1",6,2020-07-09,14,TRUE,983.719,15,5
"SweetCornRNAseqExp","jmh579@cornell.edu","SC_RNA_01","A03","4577","19A0301",204,"20","Experimental","Kernel",17,"17",17,"1",3,2020-06-29,19,TRUE,453.371,11,9
"SweetCornRNAseqExp","jmh579@cornell.edu","SC_RNA_01","B03","4577","19A0355",239,"20","Experimental","Kernel",18,"18",18,"1",2,2020-06-18,11,TRUE,959.951,15,5
"SweetCornRNAseqExp","jmh579@cornell.edu","SC_RNA_01","C03","4577","19A0146",228,"20","Experimental","Kernel",19,"19",19,"1",4,2020-07-02,3,TRUE,1144.405,16,4
"SweetCornRNAseqExp","jmh579@cornell.edu","SC_RNA_01","D03","4577","19A0078",216,"20","Experimental","Kernel",20,"20",20,"1",3,2020-06-29,11,TRUE,433.367,10,10
"SweetCornRNAseqExp","jmh579@cornell.edu","SC_RNA_01","E03","4577","19A0364",214,"20","Experimental","Kernel",21,"21",21,"1",3,2020-06-24,2,TRUE,330.289,7,13
"SweetCornRNAseqExp","jmh579@cornell.edu","SC_RNA_01","F03","4577","19A0213",224,"20","Experimental","Kernel",22,"22",22,"1",5,2020-07-06,11,TRUE,897.537,15,5
"SweetCornRNAseqExp","jmh579@cornell.edu","SC_RNA_01","G03","4577","19A0327",230,"20","Experimental","Kernel",23,"23",23,"1",3,2020-06-28,3,TRUE,658.519,13,7
"SweetCornRNAseqExp","jmh579@cornell.edu","SC_RNA_01","H03","4577","19A0280",221,"20","Experimental","Kernel",24,"24",24,"1",5,2020-07-06,2,TRUE,738.398,14,6
"SweetCornRNAseqExp","jmh579@cornell.edu","SC_RNA_01","A04","4577","19A0039",209,"20","Experimental","Kernel",25,"25",25,"1",3,2020-06-28,15,TRUE,838.386,15,5
"SweetCornRNAseqExp","jmh579@cornell.edu","SC_RNA_01","B04","1","Neg_Control",0,"20","Neg_Control",NA,26,"26",NA,NA,NA,NA,NA,NA,NA,NA,NA
"SweetCornRNAseqExp","jmh579@cornell.edu","SC_RNA_01","C04","1","BLANK",0,"0","Neg_Control",NA,27,"27",NA,NA,NA,NA,NA,NA,NA,NA,NA
"SweetCornRNAseqExp","jmh579@cornell.edu","SC_RNA_01","D04","4577","19A0334",238,"20","Experimental","Kernel",28,"28",26,"1",2,2020-06-22,21,TRUE,1191.795,16,4
"SweetCornRNAseqExp","jmh579@cornell.edu","SC_RNA_01","E04","4577","19A0222",205,"20","Experimental","Kernel",29,"29",27,"1",2,2020-06-21,8,TRUE,683.437,14,6
"SweetCornRNAseqExp","jmh579@cornell.edu","SC_RNA_01","F04","4577","19A0122",215,"20","Experimental","Kernel",30,"30",28,"1",2,2020-06-21,10,TRUE,1439.722,17,3
"SweetCornRNAseqExp","jmh579@cornell.edu","SC_RNA_01","G04","4577","19A0422",208,"20","Experimental","Kernel",31,"31",29,"2",6,2020-07-19,10,TRUE,594.622,13,7
"SweetCornRNAseqExp","jmh579@cornell.edu","SC_RNA_01","H04","4577","19A0331",262,"20","Experimental","Kernel",32,"32",30,"1",3,2020-06-24,19,TRUE,1313.442,16,4
"SweetCornRNAseqExp","jmh579@cornell.edu","SC_RNA_01","A05","4577","19A0265",215,"20","Experimental","Kernel",33,"33",31,"1",3,2020-06-24,12,TRUE,539.291,12,8
"SweetCornRNAseqExp","jmh579@cornell.edu","SC_RNA_01","B05","4577","19A0112",230,"20","Experimental","Kernel",34,"34",32,"1",4,2020-07-01,19,TRUE,769.632,14,6
"SweetCornRNAseqExp","jmh579@cornell.edu","SC_RNA_01","C05","4577","19A0224",221,"20","Experimental","Kernel",35,"35",33,"1",4,2020-07-01,10,TRUE,884.302,15,5
"SweetCornRNAseqExp","jmh579@cornell.edu","SC_RNA_01","D05","4577","Pos_Control",200,"20","Pos_Control","Kernel",36,"36",NA,NA,NA,NA,NA,NA,NA,NA,NA
"SweetCornRNAseqExp","jmh579@cornell.edu","SC_RNA_01","E05","4577","19A0110",218,"20","Experimental","Kernel",37,"37",34,"2",6,2020-07-16,18,TRUE,624.157,13,7
"SweetCornRNAseqExp","jmh579@cornell.edu","SC_RNA_01","F05","4577","19A0207",226,"20","Experimental","Kernel",38,"38",35,"1",4,2020-06-30,12,TRUE,565.28,12,8
"SweetCornRNAseqExp","jmh579@cornell.edu","SC_RNA_01","G05","4577","19A0010",204,"20","Experimental","Kernel",39,"39",36,"2",6,2020-07-16,22,TRUE,512.387,12,8
"SweetCornRNAseqExp","jmh579@cornell.edu","SC_RNA_01","H05","4577","19A0450",230,"20","Experimental","Kernel",40,"40",37,"1",5,2020-07-07,16,TRUE,923.111,15,5
"SweetCornRNAseqExp","jmh579@cornell.edu","SC_RNA_01","A06","4577","19A0008",229,"20","Experimental","Kernel",41,"41",38,"1",2,2020-06-18,21,TRUE,919.919,15,5
"SweetCornRNAseqExp","jmh579@cornell.edu","SC_RNA_01","B06","4577","19A0356",223,"20","Experimental","Kernel",42,"42",39,"1",2,2020-06-21,1,TRUE,892.236,15,5
"SweetCornRNAseqExp","jmh579@cornell.edu","SC_RNA_01","C06","4577","19A0406",237,"20","Experimental","Kernel",43,"43",40,"1",2,2020-06-18,10,TRUE,1581.9,17,3
"SweetCornRNAseqExp","jmh579@cornell.edu","SC_RNA_01","D06","4577","19A0243",217,"20","Experimental","Kernel",44,"44",41,"1",4,2020-07-02,21,TRUE,484.089,11,9
"SweetCornRNAseqExp","jmh579@cornell.edu","SC_RNA_01","E06","4577","19A0425",217,"20","Experimental","Kernel",45,"45",42,"2",6,2020-07-16,17,TRUE,483.851,11,9
"SweetCornRNAseqExp","jmh579@cornell.edu","SC_RNA_01","F06","4577","19A0448",208,"20","Experimental","Kernel",46,"46",43,"1",3,2020-06-29,13,TRUE,833.611,15,5
"SweetCornRNAseqExp","jmh579@cornell.edu","SC_RNA_01","G06","4577","19A0289",212,"20","Experimental","Kernel",47,"47",44,"1",4,2020-07-01,24,TRUE,708.697,14,6
"SweetCornRNAseqExp","jmh579@cornell.edu","SC_RNA_01","H06","4577","19A0236",230,"20","Experimental","Kernel",48,"48",45,"1",4,2020-07-01,17,TRUE,921.776,15,5
"SweetCornRNAseqExp","jmh579@cornell.edu","SC_RNA_01","A07","4577","19A0050",215,"20","Experimental","Kernel",49,"49",46,"1",2,2020-06-21,23,TRUE,862.415,15,5
"SweetCornRNAseqExp","jmh579@cornell.edu","SC_RNA_01","B07","4577","19A0219",216,"20","Experimental","Kernel",50,"50",47,"1",3,2020-06-29,3,TRUE,540.776,12,8
"SweetCornRNAseqExp","jmh579@cornell.edu","SC_RNA_01","C07","4577","19A0115",262,"20","Experimental","Kernel",51,"51",48,"1",2,2020-06-21,3,TRUE,1313.514,16,4
"SweetCornRNAseqExp","jmh579@cornell.edu","SC_RNA_01","D07","4577","19A0343",215,"20","Experimental","Kernel",52,"52",49,"1",2,2020-06-21,5,TRUE,331.684,7,13
"SweetCornRNAseqExp","jmh579@cornell.edu","SC_RNA_01","E07","4577","19A0384",217,"20","Experimental","Kernel",53,"53",50,"1",4,2020-07-05,6,TRUE,724.237,14,6
"SweetCornRNAseqExp","jmh579@cornell.edu","SC_RNA_01","F07","4577","Pos_Control",200,"20","Pos_Control","Kernel",54,"54",NA,NA,NA,NA,NA,NA,NA,NA,NA
"SweetCornRNAseqExp","jmh579@cornell.edu","SC_RNA_01","G07","4577","19A0171",255,"20","Experimental","Kernel",55,"55",51,"1",5,2020-07-07,4,TRUE,1276.64,16,4
"SweetCornRNAseqExp","jmh579@cornell.edu","SC_RNA_01","H07","4577","19A0259",202,"20","Experimental","Kernel",56,"56",52,"1",2,2020-06-21,6,TRUE,451.067,11,9
"SweetCornRNAseqExp","jmh579@cornell.edu","SC_RNA_01","A08","4577","19A0261",210,"20","Experimental","Kernel",57,"57",53,"1",4,2020-06-30,20,TRUE,703.267,14,6
"SweetCornRNAseqExp","jmh579@cornell.edu","SC_RNA_01","B08","4577","19A0032",209,"20","Experimental","Kernel",58,"58",54,"1",2,2020-06-18,24,TRUE,349.252,8,12
"SweetCornRNAseqExp","jmh579@cornell.edu","SC_RNA_01","C08","4577","19A0232",204,"20","Experimental","Kernel",59,"59",55,"1",6,2020-07-09,18,TRUE,818.592,15,5
"SweetCornRNAseqExp","jmh579@cornell.edu","SC_RNA_01","D08","4577","19A0246",220,"20","Experimental","Kernel",60,"60",56,"2",7,2020-07-20,8,TRUE,440.759,10,10
"SweetCornRNAseqExp","jmh579@cornell.edu","SC_RNA_01","E08","4577","19A0458",231,"20","Experimental","Kernel",61,"61",57,"1",4,2020-06-30,6,TRUE,660.044,13,7
"SweetCornRNAseqExp","jmh579@cornell.edu","SC_RNA_01","F08","4577","19A0294",207,"20","Experimental","Kernel",62,"62",58,"1",4,2020-06-30,22,TRUE,1037.865,16,4
"SweetCornRNAseqExp","jmh579@cornell.edu","SC_RNA_01","G08","4577","19A0462",255,"20","Experimental","Kernel",63,"63",59,"1",2,2020-06-18,22,TRUE,1277.068,16,4
"SweetCornRNAseqExp","jmh579@cornell.edu","SC_RNA_01","H08","4577","19A0337",231,"20","Experimental","Kernel",64,"64",60,"1",5,2020-07-06,14,TRUE,660.605,13,7
"SweetCornRNAseqExp","jmh579@cornell.edu","SC_RNA_01","A09","4577","19A0194",215,"20","Experimental","Kernel",65,"65",61,"2",7,2020-07-20,22,TRUE,478.651,11,9
"SweetCornRNAseqExp","jmh579@cornell.edu","SC_RNA_01","B09","4577","19A0220",207,"20","Experimental","Kernel",66,"66",62,"2",6,2020-07-19,15,TRUE,296.227,6,14
"SweetCornRNAseqExp","jmh579@cornell.edu","SC_RNA_01","C09","4577","19A0449",219,"20","Experimental","Kernel",67,"67",63,"1",6,2020-07-16,8,TRUE,628.477,13,7
"SweetCornRNAseqExp","jmh579@cornell.edu","SC_RNA_01","D09","4577","19A0318",218,"20","Experimental","Kernel",68,"68",64,"1",3,2020-06-28,24,TRUE,728.428,14,6
"SweetCornRNAseqExp","jmh579@cornell.edu","SC_RNA_01","E09","4577","19A0440",212,"20","Experimental","Kernel",69,"69",65,"1",5,2020-07-07,17,TRUE,530.193,12,8
"SweetCornRNAseqExp","jmh579@cornell.edu","SC_RNA_01","F09","4577","19A0305",242,"20","Experimental","Kernel",70,"70",66,"1",6,2020-07-16,3,TRUE,971.817,15,5
"SweetCornRNAseqExp","jmh579@cornell.edu","SC_RNA_01","G09","4577","19A0035",212,"20","Experimental","Kernel",71,"71",67,"2",7,2020-07-20,7,TRUE,354.793,8,12
"SweetCornRNAseqExp","jmh579@cornell.edu","SC_RNA_01","H09","4577","19A0203",213,"20","Experimental","Kernel",72,"72",68,"1",3,2020-06-29,14,TRUE,712.104,14,6
"SweetCornRNAseqExp","jmh579@cornell.edu","SC_RNA_01","A10","4577","19A0400",240,"20","Experimental","Kernel",73,"73",69,"1",3,2020-06-28,21,TRUE,1203.077,16,4
"SweetCornRNAseqExp","jmh579@cornell.edu","SC_RNA_01","B10","4577","19A0179",203,"20","Experimental","Kernel",74,"74",70,"1",6,2020-07-16,4,TRUE,452.782,11,9
"SweetCornRNAseqExp","jmh579@cornell.edu","SC_RNA_01","C10","4577","19A0099",210,"20","Experimental","Kernel",75,"75",71,"1",2,2020-06-22,24,TRUE,1405.015,17,3
"SweetCornRNAseqExp","jmh579@cornell.edu","SC_RNA_01","D10","4577","19A0457",227,"20","Experimental","Kernel",76,"76",72,"2",7,2020-07-20,24,TRUE,759.609,14,6
"SweetCornRNAseqExp","jmh579@cornell.edu","SC_RNA_01","E10","4577","19A0398",217,"20","Experimental","Kernel",77,"77",73,"1",5,2020-07-07,14,TRUE,871.006,15,5
"SweetCornRNAseqExp","jmh579@cornell.edu","SC_RNA_01","F10","4577","19A0353",216,"20","Experimental","Kernel",78,"78",74,"1",1,2020-03-11,5,TRUE,1083.911,16,4
"SweetCornRNAseqExp","jmh579@cornell.edu","SC_RNA_01","G10","4577","19A0042",210,"20","Experimental","Kernel",79,"79",75,"2",6,2020-07-19,7,TRUE,262.731,4,16
"SweetCornRNAseqExp","jmh579@cornell.edu","SC_RNA_01","H10","4577","19A0134",260,"20","Experimental","Kernel",80,"80",76,"1",1,2020-03-15,6,TRUE,2605.585,18,2
"SweetCornRNAseqExp","jmh579@cornell.edu","SC_RNA_01","A11","4577","19A0041",228,"20","Experimental","Kernel",81,"81",77,"1",1,2020-03-15,16,TRUE,2283.192,18,2
"SweetCornRNAseqExp","jmh579@cornell.edu","SC_RNA_01","B11","4577","19A0326",206,"20","Experimental","Kernel",82,"82",78,"2",6,2020-07-19,17,TRUE,826.229,15,5
"SweetCornRNAseqExp","jmh579@cornell.edu","SC_RNA_01","C11","4577","19A0193",223,"20","Experimental","Kernel",83,"83",79,"1",2,2020-06-22,10,TRUE,1118.646,16,4
"SweetCornRNAseqExp","jmh579@cornell.edu","SC_RNA_01","D11","4577","19A0309",246,"20","Experimental","Kernel",84,"84",80,"1",1,2020-03-11,6,TRUE,2464.273,18,2
"SweetCornRNAseqExp","jmh579@cornell.edu","SC_RNA_01","E11","4577","19A0271",236,"20","Experimental","Kernel",85,"85",81,"2",7,2020-07-20,13,TRUE,789.493,14,6
"SweetCornRNAseqExp","jmh579@cornell.edu","SC_RNA_01","F11","4577","19A0172",211,"20","Experimental","Kernel",86,"86",82,"1",5,2020-07-07,19,TRUE,1058.131,16,4
"SweetCornRNAseqExp","jmh579@cornell.edu","SC_RNA_01","G11","4577","19A0419",237,"20","Experimental","Kernel",87,"87",83,"1",5,2020-07-08,11,TRUE,790.254,14,6
"SweetCornRNAseqExp","jmh579@cornell.edu","SC_RNA_01","H11","4577","19A0037",217,"20","Experimental","Kernel",88,"88",84,"1",6,2020-07-09,5,TRUE,1446.745,17,3
"SweetCornRNAseqExp","jmh579@cornell.edu","SC_RNA_01","A12","4577","19A0225",234,"20","Experimental","Kernel",89,"89",85,"1",2,2020-06-21,15,TRUE,1560.334,17,3
"SweetCornRNAseqExp","jmh579@cornell.edu","SC_RNA_01","B12","4577","19A0195",212,"20","Experimental","Kernel",90,"90",86,"1",3,2020-06-28,22,TRUE,532.351,12,8
"SweetCornRNAseqExp","jmh579@cornell.edu","SC_RNA_01","C12","4577","19A0223",229,"20","Experimental","Kernel",91,"91",87,"1",5,2020-07-05,18,TRUE,764.519,14,6
"SweetCornRNAseqExp","jmh579@cornell.edu","SC_RNA_01","D12","4577","19A0379",245,"20","Experimental","Kernel",92,"92",88,"1",4,2020-07-01,23,TRUE,980.468,15,5
"SweetCornRNAseqExp","jmh579@cornell.edu","SC_RNA_01","E12","4577","19A0198",239,"20","Experimental","Kernel",93,"93",89,"2",6,2020-07-19,6,TRUE,798.431,14,6
"SweetCornRNAseqExp","jmh579@cornell.edu","SC_RNA_01","F12","4577","19A0185",236,"20","Experimental","Kernel",94,"94",90,"1",5,2020-07-08,16,TRUE,787.655,14,6
"SweetCornRNAseqExp","jmh579@cornell.edu","SC_RNA_01","G12","4577","19A0325",231,"20","Experimental","Kernel",95,"95",91,"1",5,2020-07-07,6,TRUE,660.656,13,7
"SweetCornRNAseqExp","jmh579@cornell.edu","SC_RNA_01","H12","4577","19A0306",230,"20","Experimental","Kernel",96,"96",92,"1",5,2020-07-06,23,TRUE,766.822,14,6
"SweetCornRNAseqExp","jmh579@cornell.edu","SC_RNA_02","A01","4577","19A0086",210,"20","Experimental","Kernel",1,"97",93,"1",4,2020-07-01,13,TRUE,467.635,11,9
"SweetCornRNAseqExp","jmh579@cornell.edu","SC_RNA_02","B01","4577","19A0079",223,"20","Experimental","Kernel",2,"98",94,"1",5,2020-07-06,17,TRUE,895.019,15,5
"SweetCornRNAseqExp","jmh579@cornell.edu","SC_RNA_02","C01","4577","19A0433",255,"20","Experimental","Kernel",3,"99",95,"1",4,2020-06-30,16,TRUE,1276.614,16,4
"SweetCornRNAseqExp","jmh579@cornell.edu","SC_RNA_02","D01","4577","19A0070",228,"20","Experimental","Kernel",4,"100",96,"1",4,2020-07-02,19,TRUE,1141.963,16,4
"SweetCornRNAseqExp","jmh579@cornell.edu","SC_RNA_02","E01","4577","19A0428",156,"20","Experimental","Kernel",5,"101",97,"2",6,2020-07-19,3,FALSE,156.234,0,20
"SweetCornRNAseqExp","jmh579@cornell.edu","SC_RNA_02","F01","4577","19A0333",210,"20","Experimental","Kernel",6,"102",98,"2",6,2020-07-19,23,TRUE,324.303,7,13
"SweetCornRNAseqExp","jmh579@cornell.edu","SC_RNA_02","G01","4577","19A0312",214,"20","Experimental","Kernel",7,"103",99,"2",6,2020-07-19,12,TRUE,306.484,6,14
"SweetCornRNAseqExp","jmh579@cornell.edu","SC_RNA_02","H01","4577","19A0438",297,"20","Experimental","Kernel",8,"104",100,"1",1,2020-03-15,17,TRUE,1981.516,17,3
"SweetCornRNAseqExp","jmh579@cornell.edu","SC_RNA_02","A02","4577","19A0370",216,"20","Experimental","Kernel",9,"105",101,"1",6,2020-07-16,11,TRUE,864.649,15,5
"SweetCornRNAseqExp","jmh579@cornell.edu","SC_RNA_02","B02","4577","19A0273",214,"20","Experimental","Kernel",10,"106",102,"2",7,2020-07-21,8,TRUE,535.265,12,8
"SweetCornRNAseqExp","jmh579@cornell.edu","SC_RNA_02","C02","4577","19A0059",220,"20","Experimental","Kernel",11,"107",103,"1",5,2020-07-06,19,TRUE,734.769,14,6
"SweetCornRNAseqExp","jmh579@cornell.edu","SC_RNA_02","D02","4577","19A0139",224,"20","Experimental","Kernel",12,"108",104,"1",5,2020-07-07,24,TRUE,899.173,15,5
"SweetCornRNAseqExp","jmh579@cornell.edu","SC_RNA_02","E02","4577","19A0360",221,"20","Experimental","Kernel",13,"109",105,"1",2,2020-06-22,6,TRUE,633.127,13,7
"SweetCornRNAseqExp","jmh579@cornell.edu","SC_RNA_02","F02","4577","19A0365",212,"20","Experimental","Kernel",14,"110",106,"2",7,2020-07-20,10,FALSE,212.067,0,20
"SweetCornRNAseqExp","jmh579@cornell.edu","SC_RNA_02","G02","4577","19A0439",287,"20","Experimental","Kernel",15,"111",107,"1",1,2020-03-12,7,TRUE,1915.716,17,3
"SweetCornRNAseqExp","jmh579@cornell.edu","SC_RNA_02","H02","4577","19A0367",214,"20","Experimental","Kernel",16,"112",108,"1",5,2020-07-07,2,TRUE,715.031,14,6
"SweetCornRNAseqExp","jmh579@cornell.edu","SC_RNA_02","A03","4577","19A0423",221,"20","Experimental","Kernel",17,"113",109,"1",1,2020-03-15,24,TRUE,2217.791,18,2
"SweetCornRNAseqExp","jmh579@cornell.edu","SC_RNA_02","B03","4577","19A0103",223,"20","Experimental","Kernel",18,"114",110,"1",2,2020-06-22,7,TRUE,559.606,12,8
"SweetCornRNAseqExp","jmh579@cornell.edu","SC_RNA_02","C03","4577","Pos_Control",200,"20","Pos_Control","Kernel",19,"115",NA,NA,NA,NA,NA,NA,NA,NA,NA
"SweetCornRNAseqExp","jmh579@cornell.edu","SC_RNA_02","D03","4577","19A0403",208,"20","Experimental","Kernel",20,"116",111,"1",6,2020-07-08,24,TRUE,694.569,14,6
"SweetCornRNAseqExp","jmh579@cornell.edu","SC_RNA_02","E03","4577","19A0252",213,"20","Experimental","Kernel",21,"117",112,"1",5,2020-07-06,20,TRUE,609.888,13,7
"SweetCornRNAseqExp","jmh579@cornell.edu","SC_RNA_02","F03","4577","19A0296",232,"20","Experimental","Kernel",22,"118",113,"1",2,2020-06-21,4,TRUE,665.461,13,7
"SweetCornRNAseqExp","jmh579@cornell.edu","SC_RNA_02","G03","4577","19A0395",220,"20","Experimental","Kernel",23,"119",114,"1",5,2020-07-08,7,TRUE,881.346,15,5
"SweetCornRNAseqExp","jmh579@cornell.edu","SC_RNA_02","H03","4577","19A0267",201,"20","Experimental","Kernel",24,"120",115,"1",4,2020-06-30,8,TRUE,504.649,12,8
"SweetCornRNAseqExp","jmh579@cornell.edu","SC_RNA_02","A04","4577","19A0447",212,"20","Experimental","Kernel",25,"121",116,"1",5,2020-07-07,9,TRUE,302.969,6,14
"SweetCornRNAseqExp","jmh579@cornell.edu","SC_RNA_02","B04","4577","19A0300",209,"20","Experimental","Kernel",26,"122",117,"1",4,2020-07-02,13,TRUE,599.845,13,7
"SweetCornRNAseqExp","jmh579@cornell.edu","SC_RNA_02","C04","4577","19A0227",222,"20","Experimental","Kernel",27,"123",118,"1",6,2020-07-08,23,TRUE,890.95,15,5
"SweetCornRNAseqExp","jmh579@cornell.edu","SC_RNA_02","D04","4577","19A0049",202,"20","Experimental","Kernel",28,"124",119,"1",6,2020-07-09,21,TRUE,675.951,14,6
"SweetCornRNAseqExp","jmh579@cornell.edu","SC_RNA_02","E04","4577","19A0118",204,"20","Experimental","Kernel",29,"125",120,"2",6,2020-07-19,16,TRUE,1022.869,16,4
"SweetCornRNAseqExp","jmh579@cornell.edu","SC_RNA_02","F04","4577","19A0113",222,"20","Experimental","Kernel",30,"126",121,"1",1,2020-03-15,7,TRUE,2227.084,18,2
"SweetCornRNAseqExp","jmh579@cornell.edu","SC_RNA_02","G04","4577","19A0020",221,"20","Experimental","Kernel",31,"127",122,"1",4,2020-07-01,15,TRUE,1105.079,16,4
"SweetCornRNAseqExp","jmh579@cornell.edu","SC_RNA_02","H04","4577","19A0131",225,"20","Experimental","Kernel",32,"128",123,"1",1,2020-03-15,11,TRUE,2256.449,18,2
"SweetCornRNAseqExp","jmh579@cornell.edu","SC_RNA_02","A05","4577","19A0247",232,"20","Experimental","Kernel",33,"129",124,"1",3,2020-06-29,1,TRUE,663.466,13,7
"SweetCornRNAseqExp","jmh579@cornell.edu","SC_RNA_02","B05","4577","19A0378",237,"20","Experimental","Kernel",34,"130",125,"1",3,2020-06-29,16,TRUE,791.429,14,6
"SweetCornRNAseqExp","jmh579@cornell.edu","SC_RNA_02","C05","4577","19A0053",237,"20","Experimental","Kernel",35,"131",126,"2",7,2020-07-20,19,TRUE,950.326,15,5
"SweetCornRNAseqExp","jmh579@cornell.edu","SC_RNA_02","D05","4577","19A0287",233,"20","Experimental","Kernel",36,"132",127,"2",7,2020-07-21,21,TRUE,777.193,14,6
"SweetCornRNAseqExp","jmh579@cornell.edu","SC_RNA_02","E05","4577","19A0392",203,"20","Experimental","Kernel",37,"133",128,"2",7,2020-07-21,14,TRUE,406.709,10,10
"SweetCornRNAseqExp","jmh579@cornell.edu","SC_RNA_02","F05","4577","19A0229",241,"20","Experimental","Kernel",38,"134",129,"1",2,2020-06-21,17,TRUE,1209.552,16,4
"SweetCornRNAseqExp","jmh579@cornell.edu","SC_RNA_02","G05","4577","19A0153",258,"20","Experimental","Kernel",39,"135",130,"1",2,2020-06-18,12,TRUE,1293.626,16,4
"SweetCornRNAseqExp","jmh579@cornell.edu","SC_RNA_02","H05","4577","19A0126",256,"20","Experimental","Kernel",40,"136",131,"1",6,2020-07-09,13,TRUE,1713.146,17,3
"SweetCornRNAseqExp","jmh579@cornell.edu","SC_RNA_02","A06","4577","19A0162",209,"20","Experimental","Kernel",41,"137",132,"1",4,2020-07-05,10,TRUE,465.561,11,9
"SweetCornRNAseqExp","jmh579@cornell.edu","SC_RNA_02","B06","4577","19A0346",258,"20","Experimental","Kernel",42,"138",133,"1",1,2020-03-15,2,TRUE,1721.352,17,3
"SweetCornRNAseqExp","jmh579@cornell.edu","SC_RNA_02","C06","4577","19A0123",206,"20","Experimental","Kernel",43,"139",134,"2",6,2020-07-16,12,TRUE,258.188,4,16
"SweetCornRNAseqExp","jmh579@cornell.edu","SC_RNA_02","D06","4577","19A0349",233,"20","Experimental","Kernel",44,"140",135,"1",2,2020-06-18,16,TRUE,1556.674,17,3
"SweetCornRNAseqExp","jmh579@cornell.edu","SC_RNA_02","E06","4577","19A0302",219,"20","Experimental","Kernel",45,"141",136,"1",3,2020-06-29,22,TRUE,730.057,14,6
"SweetCornRNAseqExp","jmh579@cornell.edu","SC_RNA_02","F06","4577","19A0376",207,"20","Experimental","Kernel",46,"142",137,"1",4,2020-07-05,9,TRUE,376.397,9,11
"SweetCornRNAseqExp","jmh579@cornell.edu","SC_RNA_02","G06","4577","19A0072",209,"20","Experimental","Kernel",47,"143",138,"2",7,2020-07-21,5,TRUE,299.175,6,14
"SweetCornRNAseqExp","jmh579@cornell.edu","SC_RNA_02","H06","4577","19A0018",209,"20","Experimental","Kernel",48,"144",139,"1",5,2020-07-05,17,TRUE,1046.454,16,4
"SweetCornRNAseqExp","jmh579@cornell.edu","SC_RNA_02","A07","4577","19A0069",205,"20","Experimental","Kernel",49,"145",140,"1",2,2020-06-21,21,TRUE,821.997,15,5
"SweetCornRNAseqExp","jmh579@cornell.edu","SC_RNA_02","B07","4577","19A0091",204,"20","Experimental","Kernel",50,"146",141,"1",4,2020-07-01,20,TRUE,1023.653,16,4
"SweetCornRNAseqExp","jmh579@cornell.edu","SC_RNA_02","C07","4577","19A0094",225,"20","Experimental","Kernel",51,"147",142,"1",4,2020-07-05,2,TRUE,562.774,12,8
"SweetCornRNAseqExp","jmh579@cornell.edu","SC_RNA_02","D07","4577","19A0178",233,"20","Experimental","Kernel",52,"148",143,"1",1,2020-03-15,22,TRUE,1553.686,17,3
"SweetCornRNAseqExp","jmh579@cornell.edu","SC_RNA_02","E07","4577","19A0007",246,"20","Experimental","Kernel",53,"149",144,"1",3,2020-06-29,12,TRUE,985.53,15,5
"SweetCornRNAseqExp","jmh579@cornell.edu","SC_RNA_02","F07","4577","19A0147",229,"20","Experimental","Kernel",54,"150",145,"1",5,2020-07-08,1,TRUE,918.309,15,5
"SweetCornRNAseqExp","jmh579@cornell.edu","SC_RNA_02","G07","4577","19A0249",223,"20","Experimental","Kernel",55,"151",146,"2",6,2020-07-16,21,TRUE,638.887,13,7
"SweetCornRNAseqExp","jmh579@cornell.edu","SC_RNA_02","H07","4577","19A0348",217,"20","Experimental","Kernel",56,"152",147,"2",6,2020-07-20,4,TRUE,395.23,9,11
"SweetCornRNAseqExp","jmh579@cornell.edu","SC_RNA_02","A08","4577","19A0080",264,"20","Experimental","Kernel",57,"153",148,"1",3,2020-06-24,13,TRUE,1324.763,16,4
"SweetCornRNAseqExp","jmh579@cornell.edu","SC_RNA_02","B08","4577","19A0211",202,"20","Experimental","Kernel",58,"154",149,"2",6,2020-07-16,14,TRUE,507.422,12,8
"SweetCornRNAseqExp","jmh579@cornell.edu","SC_RNA_02","C08","4577","19A0081",234,"20","Experimental","Kernel",59,"155",150,"1",1,2020-06-18,5,TRUE,1566.515,17,3
"SweetCornRNAseqExp","jmh579@cornell.edu","SC_RNA_02","D08","4577","19A0154",239,"20","Experimental","Kernel",60,"156",151,"1",3,2020-06-29,7,TRUE,958.516,15,5
"SweetCornRNAseqExp","jmh579@cornell.edu","SC_RNA_02","E08","4577","19A0109",205,"20","Experimental","Kernel",61,"157",152,"1",5,2020-07-08,12,TRUE,1371.811,17,3
"SweetCornRNAseqExp","jmh579@cornell.edu","SC_RNA_02","F08","4577","19A0390",220,"20","Experimental","Kernel",62,"158",153,"1",4,2020-06-30,18,TRUE,736.352,14,6
"SweetCornRNAseqExp","jmh579@cornell.edu","SC_RNA_02","G08","1","BLANK",0,"0","Neg_Control",NA,63,"159",NA,NA,NA,NA,NA,NA,NA,NA,NA
"SweetCornRNAseqExp","jmh579@cornell.edu","SC_RNA_02","H08","4577","19A0090",218,"20","Experimental","Kernel",64,"160",154,"1",3,2020-06-24,14,TRUE,1091.82,16,4
"SweetCornRNAseqExp","jmh579@cornell.edu","SC_RNA_02","A09","4577","19A0173",201,"20","Experimental","Kernel",65,"161",155,"1",5,2020-07-08,13,TRUE,1008.17,16,4
"SweetCornRNAseqExp","jmh579@cornell.edu","SC_RNA_02","B09","4577","19A0159",245,"20","Experimental","Kernel",66,"162",156,"1",2,2020-06-22,2,TRUE,981.206,15,5
"SweetCornRNAseqExp","jmh579@cornell.edu","SC_RNA_02","C09","4577","19A0093",230,"20","Experimental","Kernel",67,"163",157,"2",7,2020-07-20,9,TRUE,768.124,14,6
"SweetCornRNAseqExp","jmh579@cornell.edu","SC_RNA_02","D09","4577","19A0295",249,"20","Experimental","Kernel",68,"164",158,"2",7,2020-07-21,10,TRUE,249.085,0,20
"SweetCornRNAseqExp","jmh579@cornell.edu","SC_RNA_02","E09","4577","19A0149",215,"20","Experimental","Kernel",69,"165",159,"1",3,2020-06-29,4,TRUE,1078.435,16,4
"SweetCornRNAseqExp","jmh579@cornell.edu","SC_RNA_02","F09","4577","19A0015",215,"20","Experimental","Kernel",70,"166",160,"1",3,2020-06-24,7,TRUE,538.492,12,8
"SweetCornRNAseqExp","jmh579@cornell.edu","SC_RNA_02","G09","4577","19A0009",204,"20","Experimental","Kernel",71,"167",161,"1",3,2020-06-28,20,TRUE,314.671,7,13
"SweetCornRNAseqExp","jmh579@cornell.edu","SC_RNA_02","H09","4577","19A0387",216,"20","Experimental","Kernel",72,"168",162,"1",4,2020-07-02,18,TRUE,542.15,12,8
"SweetCornRNAseqExp","jmh579@cornell.edu","SC_RNA_02","A10","4577","19A0357",211,"20","Experimental","Kernel",73,"169",163,"1",5,2020-07-06,18,TRUE,603.258,13,7
"SweetCornRNAseqExp","jmh579@cornell.edu","SC_RNA_02","B10","4577","19A0076",205,"20","Experimental","Kernel",74,"170",164,"2",7,2020-07-20,20,TRUE,686.362,14,6
"SweetCornRNAseqExp","jmh579@cornell.edu","SC_RNA_02","C10","4577","19A0182",208,"20","Experimental","Kernel",75,"171",165,"2",6,2020-07-16,20,TRUE,464.339,11,9
"SweetCornRNAseqExp","jmh579@cornell.edu","SC_RNA_02","D10","4577","19A0088",229,"20","Experimental","Kernel",76,"172",166,"1",5,2020-07-07,20,TRUE,655.236,13,7
"SweetCornRNAseqExp","jmh579@cornell.edu","SC_RNA_02","E10","4577","19A0138",220,"20","Experimental","Kernel",77,"173",167,"1",4,2020-07-02,10,TRUE,735.981,14,6
"SweetCornRNAseqExp","jmh579@cornell.edu","SC_RNA_02","F10","4577","19A0456",211,"20","Experimental","Kernel",78,"174",168,"1",2,2020-06-18,14,TRUE,844.919,15,5
"SweetCornRNAseqExp","jmh579@cornell.edu","SC_RNA_02","G10","4577","19A0299",238,"20","Experimental","Kernel",79,"175",169,"1",4,2020-07-01,16,TRUE,794.05,14,6
"SweetCornRNAseqExp","jmh579@cornell.edu","SC_RNA_02","H10","4577","19A0169",202,"20","Experimental","Kernel",80,"176",170,"1",6,2020-07-09,7,TRUE,449.86,11,9
"SweetCornRNAseqExp","jmh579@cornell.edu","SC_RNA_02","A11","4577","19A0358",235,"20","Experimental","Kernel",81,"177",171,"1",6,2020-07-09,17,TRUE,940.273,15,5
"SweetCornRNAseqExp","jmh579@cornell.edu","SC_RNA_02","B11","4577","Pos_Control",200,"20","Pos_Control","Kernel",82,"178",NA,NA,NA,NA,NA,NA,NA,NA,NA
"SweetCornRNAseqExp","jmh579@cornell.edu","SC_RNA_02","C11","4577","19A0230",239,"20","Experimental","Kernel",83,"179",172,"1",6,2020-07-09,10,TRUE,956.757,15,5
"SweetCornRNAseqExp","jmh579@cornell.edu","SC_RNA_02","D11","4577","19A0335",243,"20","Experimental","Kernel",84,"180",173,"1",5,2020-07-05,19,TRUE,973.301,15,5
"SweetCornRNAseqExp","jmh579@cornell.edu","SC_RNA_02","E11","1","Neg_Control",0,"20","Neg_Control",NA,85,"181",NA,NA,NA,NA,NA,NA,NA,NA,NA
"SweetCornRNAseqExp","jmh579@cornell.edu","SC_RNA_02","F11","4577","19A0055",217,"20","Experimental","Kernel",86,"182",174,"1",3,2020-06-29,21,TRUE,1089.555,16,4
"SweetCornRNAseqExp","jmh579@cornell.edu","SC_RNA_02","G11","4577","19A0418",201,"20","Experimental","Kernel",87,"183",175,"1",5,2020-07-05,21,TRUE,671.849,14,6
"SweetCornRNAseqExp","jmh579@cornell.edu","SC_RNA_02","H11","4577","19A0313",208,"20","Experimental","Kernel",88,"184",176,"1",4,2020-07-01,4,TRUE,694.66,14,6
"SweetCornRNAseqExp","jmh579@cornell.edu","SC_RNA_02","A12","4577","19A0298",214,"20","Experimental","Kernel",89,"185",177,"1",4,2020-07-05,7,TRUE,330.076,7,13
"SweetCornRNAseqExp","jmh579@cornell.edu","SC_RNA_02","B12","4577","19A0394",205,"20","Experimental","Kernel",90,"186",178,"1",2,2020-06-21,14,TRUE,823.988,15,5
"SweetCornRNAseqExp","jmh579@cornell.edu","SC_RNA_02","C12","4577","19A0430",229,"20","Experimental","Kernel",91,"187",179,"1",1,2020-03-12,16,TRUE,918.852,15,5
"SweetCornRNAseqExp","jmh579@cornell.edu","SC_RNA_02","D12","4577","19A0316",214,"20","Experimental","Kernel",92,"188",180,"1",2,2020-06-21,19,TRUE,1074.644,16,4
"SweetCornRNAseqExp","jmh579@cornell.edu","SC_RNA_02","E12","4577","19A0393",229,"20","Experimental","Kernel",93,"189",181,"1",4,2020-06-30,15,TRUE,764.303,14,6
"SweetCornRNAseqExp","jmh579@cornell.edu","SC_RNA_02","F12","4577","19A0454",233,"20","Experimental","Kernel",94,"190",182,"1",4,2020-07-01,18,TRUE,934.796,15,5
"SweetCornRNAseqExp","jmh579@cornell.edu","SC_RNA_02","G12","4577","19A0421",201,"20","Experimental","Kernel",95,"191",183,"1",3,2020-06-24,20,TRUE,1008.01,16,4
"SweetCornRNAseqExp","jmh579@cornell.edu","SC_RNA_02","H12","4577","19A0176",221,"20","Experimental","Kernel",96,"192",184,"1",3,2020-06-29,9,TRUE,443.401,10,10
"SweetCornRNAseqExp","jmh579@cornell.edu","SC_RNA_03","A01","4577","19A0074",261,"20","Experimental","Kernel",1,"193",185,"1",3,2020-06-29,20,TRUE,1308.835,16,4
"SweetCornRNAseqExp","jmh579@cornell.edu","SC_RNA_03","B01","4577","19A0077",221,"20","Experimental","Kernel",2,"194",186,"2",7,2020-07-20,11,TRUE,492.353,11,9
"SweetCornRNAseqExp","jmh579@cornell.edu","SC_RNA_03","C01","4577","19A0160",220,"20","Experimental","Kernel",3,"195",187,"1",2,2020-06-22,16,TRUE,1100.976,16,4
"SweetCornRNAseqExp","jmh579@cornell.edu","SC_RNA_03","D01","4577","19A0012",220,"20","Experimental","Kernel",4,"196",188,"2",4,2020-07-01,8,TRUE,883.182,15,5
"SweetCornRNAseqExp","jmh579@cornell.edu","SC_RNA_03","E01","4577","19A0286",226,"20","Experimental","Kernel",5,"197",189,"1",4,2020-06-30,14,TRUE,755.34,14,6
"SweetCornRNAseqExp","jmh579@cornell.edu","SC_RNA_03","F01","4577","19A0435",211,"20","Experimental","Kernel",6,"198",190,"1",2,2020-06-21,16,TRUE,845.502,15,5
"SweetCornRNAseqExp","jmh579@cornell.edu","SC_RNA_03","G01","4577","19A0344",214,"20","Experimental","Kernel",7,"199",191,"2",6,2020-07-19,2,TRUE,356.972,8,12
"SweetCornRNAseqExp","jmh579@cornell.edu","SC_RNA_03","H01","4577","19A0315",233,"20","Experimental","Kernel",8,"200",192,"1",5,2020-07-07,18,TRUE,666.64,13,7
"SweetCornRNAseqExp","jmh579@cornell.edu","SC_RNA_03","A02","4577","19A0253",227,"20","Experimental","Kernel",9,"201",193,"1",5,2020-07-07,22,TRUE,569.588,12,8
"SweetCornRNAseqExp","jmh579@cornell.edu","SC_RNA_03","B02","4577","19A0427",213,"20","Experimental","Kernel",10,"202",194,"1",5,2020-07-07,10,TRUE,854.764,15,5
"SweetCornRNAseqExp","jmh579@cornell.edu","SC_RNA_03","C02","4577","19A0046",245,"20","Experimental","Kernel",11,"203",195,"1",3,2020-06-28,10,TRUE,982.637,15,5
"SweetCornRNAseqExp","jmh579@cornell.edu","SC_RNA_03","D02","4577","19A0006",249,"20","Experimental","Kernel",12,"204",196,"1",2,2020-06-18,19,TRUE,999.521,15,5
"SweetCornRNAseqExp","jmh579@cornell.edu","SC_RNA_03","E02","4577","19A0196",213,"20","Experimental","Kernel",13,"205",197,"1",5,2020-07-08,3,TRUE,426.374,10,10
"SweetCornRNAseqExp","jmh579@cornell.edu","SC_RNA_03","F02","4577","19A0108",248,"20","Experimental","Kernel",14,"206",198,"1",2,2020-06-21,22,TRUE,1241.578,16,4
"SweetCornRNAseqExp","jmh579@cornell.edu","SC_RNA_03","G02","4577","19A0345",239,"20","Experimental","Kernel",15,"207",199,"1",1,2020-06-18,6,TRUE,956.792,15,5
"SweetCornRNAseqExp","jmh579@cornell.edu","SC_RNA_03","H02","4577","19A0444",213,"20","Experimental","Kernel",16,"208",200,"2",6,2020-07-19,11,TRUE,852.021,15,5
"SweetCornRNAseqExp","jmh579@cornell.edu","SC_RNA_03","A03","4577","19A0161",205,"20","Experimental","Kernel",17,"209",201,"1",5,2020-07-06,13,TRUE,343.104,8,12
"SweetCornRNAseqExp","jmh579@cornell.edu","SC_RNA_03","B03","4577","19A0389",215,"20","Experimental","Kernel",18,"210",202,"1",5,2020-07-07,7,TRUE,479.67,11,9
"SweetCornRNAseqExp","jmh579@cornell.edu","SC_RNA_03","C03","4577","19A0361",221,"20","Experimental","Kernel",19,"211",203,"1",5,2020-07-07,15,TRUE,632.563,13,7
"SweetCornRNAseqExp","jmh579@cornell.edu","SC_RNA_03","D03","4577","19A0031",267,"20","Experimental","Kernel",20,"212",204,"1",1,2020-03-12,9,TRUE,1781.498,17,3
"SweetCornRNAseqExp","jmh579@cornell.edu","SC_RNA_03","E03","4577","19A0184",200,"20","Experimental","Kernel",21,"213",205,"2",7,2020-07-20,16,TRUE,445.79,11,9
"SweetCornRNAseqExp","jmh579@cornell.edu","SC_RNA_03","F03","4577","19A0350",214,"20","Experimental","Kernel",22,"214",206,"2",7,2020-07-21,22,TRUE,859.896,15,5
"SweetCornRNAseqExp","jmh579@cornell.edu","SC_RNA_03","G03","4577","19A0258",270,"20","Experimental","Kernel",23,"215",207,"1",1,2020-03-11,19,TRUE,2705.106,18,2
"SweetCornRNAseqExp","jmh579@cornell.edu","SC_RNA_03","H03","4577","19A0028",206,"20","Experimental","Kernel",24,"216",208,"1",4,2020-07-01,3,TRUE,517.3,12,8
"SweetCornRNAseqExp","jmh579@cornell.edu","SC_RNA_03","A04","4577","19A0397",220,"20","Experimental","Kernel",25,"217",209,"1",1,2020-03-11,7,TRUE,881.332,15,5
"SweetCornRNAseqExp","jmh579@cornell.edu","SC_RNA_03","B04","4577","19A0274",216,"20","Experimental","Kernel",26,"218",210,"2",7,2020-07-21,17,TRUE,433.591,10,10
"SweetCornRNAseqExp","jmh579@cornell.edu","SC_RNA_03","C04","4577","19A0102",218,"20","Experimental","Kernel",27,"219",211,"1",3,2020-06-28,12,TRUE,397.131,9,11
"SweetCornRNAseqExp","jmh579@cornell.edu","SC_RNA_03","D04","4577","19A0027",257,"20","Experimental","Kernel",28,"220",212,"1",4,2020-07-02,5,TRUE,1713.622,17,3
"SweetCornRNAseqExp","jmh579@cornell.edu","SC_RNA_03","E04","4577","19A0354",204,"20","Experimental","Kernel",29,"221",213,"1",6,2020-07-16,2,TRUE,816.029,15,5
"SweetCornRNAseqExp","jmh579@cornell.edu","SC_RNA_03","F04","4577","19A0058",209,"20","Experimental","Kernel",30,"222",214,"1",5,2020-07-07,23,TRUE,697.847,14,6
"SweetCornRNAseqExp","jmh579@cornell.edu","SC_RNA_03","G04","4577","19A0255",213,"20","Experimental","Kernel",31,"223",215,"1",2,2020-06-22,15,TRUE,1421.439,17,3
"SweetCornRNAseqExp","jmh579@cornell.edu","SC_RNA_03","H04","4577","19A0442",233,"20","Experimental","Kernel",32,"224",216,"1",5,2020-07-06,24,TRUE,778.138,14,6
"SweetCornRNAseqExp","jmh579@cornell.edu","SC_RNA_03","A05","4577","19A0404",202,"20","Experimental","Kernel",33,"225",217,"1",1,2020-03-15,18,TRUE,1350.289,17,3
"SweetCornRNAseqExp","jmh579@cornell.edu","SC_RNA_03","B05","4577","19A0226",235,"20","Experimental","Kernel",34,"226",218,"1",4,2020-07-05,12,TRUE,1569.543,17,3
"SweetCornRNAseqExp","jmh579@cornell.edu","SC_RNA_03","C05","4577","19A0062",260,"20","Experimental","Kernel",35,"227",219,"1",1,2020-03-11,15,TRUE,1735.018,17,3
"SweetCornRNAseqExp","jmh579@cornell.edu","SC_RNA_03","D05","4577","19A0183",218,"20","Experimental","Kernel",36,"228",220,"1",3,2020-06-29,10,TRUE,436.118,10,10
"SweetCornRNAseqExp","jmh579@cornell.edu","SC_RNA_03","E05","4577","19A0026",206,"20","Experimental","Kernel",37,"229",221,"1",4,2020-07-02,4,TRUE,825.817,15,5
"SweetCornRNAseqExp","jmh579@cornell.edu","SC_RNA_03","F05","4577","19A0100",205,"20","Experimental","Kernel",38,"230",222,"1",3,2020-06-28,5,TRUE,1366.95,17,3
"SweetCornRNAseqExp","jmh579@cornell.edu","SC_RNA_03","G05","4577","19A0022",277,"20","Experimental","Kernel",39,"231",223,"1",1,2020-03-12,10,TRUE,1848.526,17,3
"SweetCornRNAseqExp","jmh579@cornell.edu","SC_RNA_03","H05","4577","19A0341",211,"20","Experimental","Kernel",40,"232",224,"1",5,2020-07-06,15,TRUE,470.688,11,9
"SweetCornRNAseqExp","jmh579@cornell.edu","SC_RNA_03","A06","4577","19A0023",207,"20","Experimental","Kernel",41,"233",225,"1",5,2020-07-05,24,TRUE,829.624,15,5
"SweetCornRNAseqExp","jmh579@cornell.edu","SC_RNA_03","B06","4577","19A0025",201,"20","Experimental","Kernel",42,"234",226,"2",6,2020-07-16,23,TRUE,575.278,13,7
"SweetCornRNAseqExp","jmh579@cornell.edu","SC_RNA_03","C06","4577","19A0434",210,"20","Experimental","Kernel",43,"235",227,"1",5,2020-07-07,13,TRUE,701.155,14,6
"SweetCornRNAseqExp","jmh579@cornell.edu","SC_RNA_03","D06","4577","19A0443",214,"20","Experimental","Kernel",44,"236",228,"1",5,2020-07-07,3,TRUE,859.433,15,5
"SweetCornRNAseqExp","jmh579@cornell.edu","SC_RNA_03","E06","4577","19A0437",212,"20","Experimental","Kernel",45,"237",229,"1",6,2020-07-09,9,TRUE,1063.806,16,4
"SweetCornRNAseqExp","jmh579@cornell.edu","SC_RNA_03","F06","4577","19A0201",207,"20","Experimental","Kernel",46,"238",230,"1",6,2020-07-09,6,TRUE,1035.388,16,4
"SweetCornRNAseqExp","jmh579@cornell.edu","SC_RNA_03","G06","4577","19A0107",215,"20","Experimental","Kernel",47,"239",231,"2",7,2020-07-21,20,TRUE,538.083,12,8
"SweetCornRNAseqExp","jmh579@cornell.edu","SC_RNA_03","H06","4577","19A0414",242,"20","Experimental","Kernel",48,"240",232,"1",4,2020-07-02,7,TRUE,1213.748,16,4
"SweetCornRNAseqExp","jmh579@cornell.edu","SC_RNA_03","A07","4577","19A0221",223,"20","Experimental","Kernel",49,"241",233,"2",6,2020-07-19,1,TRUE,1119.174,16,4
"SweetCornRNAseqExp","jmh579@cornell.edu","SC_RNA_03","B07","4577","19A0089",200,"20","Experimental","Kernel",50,"242",234,"1",4,2020-07-02,6,TRUE,1336.951,17,3
"SweetCornRNAseqExp","jmh579@cornell.edu","SC_RNA_03","C07","4577","19A0374",228,"20","Experimental","Kernel",51,"243",235,"1",2,2020-06-21,12,TRUE,913.63,15,5
"SweetCornRNAseqExp","jmh579@cornell.edu","SC_RNA_03","D07","4577","19A0272",234,"20","Experimental","Kernel",52,"244",236,"1",2,2020-06-21,20,TRUE,1171.154,16,4
"SweetCornRNAseqExp","jmh579@cornell.edu","SC_RNA_03","E07","4577","19A0409",238,"20","Experimental","Kernel",53,"245",237,"1",5,2020-07-07,1,TRUE,793.856,14,6
"SweetCornRNAseqExp","jmh579@cornell.edu","SC_RNA_03","F07","4577","19A0310",212,"20","Experimental","Kernel",54,"246",238,"2",7,2020-07-21,11,TRUE,354.755,8,12
"SweetCornRNAseqExp","jmh579@cornell.edu","SC_RNA_03","G07","4577","19A0143",231,"20","Experimental","Kernel",55,"247",239,"1",4,2020-06-30,4,TRUE,661.451,13,7
"SweetCornRNAseqExp","jmh579@cornell.edu","SC_RNA_03","H07","4577","Pos_Control",200,"20","Pos_Control","Kernel",56,"248",NA,NA,NA,NA,NA,NA,NA,NA,NA
"SweetCornRNAseqExp","jmh579@cornell.edu","SC_RNA_03","A08","4577","19A0415",200,"20","Experimental","Kernel",57,"249",240,"1",6,2020-07-09,8,TRUE,501.59,12,8
"SweetCornRNAseqExp","jmh579@cornell.edu","SC_RNA_03","B08","4577","19A0056",208,"20","Experimental","Kernel",58,"250",241,"1",3,2020-06-24,17,TRUE,1041.441,16,4
"SweetCornRNAseqExp","jmh579@cornell.edu","SC_RNA_03","C08","4577","Pos_Control",200,"20","Pos_Control","Kernel",59,"251",NA,NA,NA,NA,NA,NA,NA,NA,NA
"SweetCornRNAseqExp","jmh579@cornell.edu","SC_RNA_03","D08","1","BLANK",0,"0","Neg_Control",NA,60,"252",NA,NA,NA,NA,NA,NA,NA,NA,NA
"SweetCornRNAseqExp","jmh579@cornell.edu","SC_RNA_03","E08","4577","19A0040",216,"20","Experimental","Kernel",61,"253",242,"1",2,2020-06-22,5,TRUE,542.147,12,8
"SweetCornRNAseqExp","jmh579@cornell.edu","SC_RNA_03","F08","4577","19A0320",206,"20","Experimental","Kernel",62,"254",243,"1",1,2020-06-18,7,TRUE,343.359,8,12
"SweetCornRNAseqExp","jmh579@cornell.edu","SC_RNA_03","G08","4577","19A0051",213,"20","Experimental","Kernel",63,"255",244,"1",5,2020-07-08,5,TRUE,610.779,13,7
"SweetCornRNAseqExp","jmh579@cornell.edu","SC_RNA_03","H08","4577","19A0290",210,"20","Experimental","Kernel",64,"256",245,"1",5,2020-07-08,4,TRUE,601.114,13,7
"SweetCornRNAseqExp","jmh579@cornell.edu","SC_RNA_03","A09","4577","19A0426",220,"20","Experimental","Kernel",65,"257",246,"2",6,2020-07-16,15,TRUE,489.796,11,9
"SweetCornRNAseqExp","jmh579@cornell.edu","SC_RNA_03","B09","4577","19A0044",236,"20","Experimental","Kernel",66,"258",247,"1",6,2020-07-16,5,TRUE,947.892,15,5
"SweetCornRNAseqExp","jmh579@cornell.edu","SC_RNA_03","C09","4577","19A0216",217,"20","Experimental","Kernel",67,"259",248,"1",5,2020-07-08,9,TRUE,484.345,11,9
"SweetCornRNAseqExp","jmh579@cornell.edu","SC_RNA_03","D09","4577","19A0047",217,"20","Experimental","Kernel",68,"260",249,"1",2,2020-06-22,9,TRUE,484.103,11,9
"SweetCornRNAseqExp","jmh579@cornell.edu","SC_RNA_03","E09","4577","19A0323",214,"20","Experimental","Kernel",69,"261",250,"1",4,2020-07-02,12,TRUE,389.943,9,11
"SweetCornRNAseqExp","jmh579@cornell.edu","SC_RNA_03","F09","4577","19A0114",238,"20","Experimental","Kernel",70,"262",251,"2",7,2020-07-21,16,TRUE,1193.893,16,4
"SweetCornRNAseqExp","jmh579@cornell.edu","SC_RNA_03","G09","4577","19A0257",196,"20","Experimental","Kernel",71,"263",252,"2",7,2020-07-21,6,FALSE,196.556,0,20
"SweetCornRNAseqExp","jmh579@cornell.edu","SC_RNA_03","H09","4577","19A0002",223,"20","Experimental","Kernel",72,"264",253,"1",3,2020-06-28,6,TRUE,744.225,14,6
"SweetCornRNAseqExp","jmh579@cornell.edu","SC_RNA_03","A10","4577","19A0381",212,"20","Experimental","Kernel",73,"265",254,"1",1,2020-03-12,17,TRUE,708.134,14,6
"SweetCornRNAseqExp","jmh579@cornell.edu","SC_RNA_03","B10","4577","19A0293",210,"20","Experimental","Kernel",74,"266",255,"1",6,2020-07-16,1,TRUE,1051.094,16,4
"SweetCornRNAseqExp","jmh579@cornell.edu","SC_RNA_03","C10","4577","19A0033",224,"20","Experimental","Kernel",75,"267",256,"1",3,2020-06-29,23,TRUE,1124.681,16,4
"SweetCornRNAseqExp","jmh579@cornell.edu","SC_RNA_03","D10","4577","19A0441",229,"20","Experimental","Kernel",76,"268",257,"1",2,2020-06-22,22,TRUE,919.055,15,5
"SweetCornRNAseqExp","jmh579@cornell.edu","SC_RNA_03","E10","4577","19A0129",222,"20","Experimental","Kernel",77,"269",258,"1",5,2020-07-06,12,TRUE,740.425,14,6
"SweetCornRNAseqExp","jmh579@cornell.edu","SC_RNA_03","F10","4577","19A0297",237,"20","Experimental","Kernel",78,"270",259,"2",7,2020-07-21,1,TRUE,792.049,14,6
"SweetCornRNAseqExp","jmh579@cornell.edu","SC_RNA_03","G10","4577","19A0206",218,"20","Experimental","Kernel",79,"271",260,"1",4,2020-07-05,5,TRUE,545.854,12,8
"SweetCornRNAseqExp","jmh579@cornell.edu","SC_RNA_03","H10","4577","19A0218",215,"20","Experimental","Kernel",80,"272",261,"1",1,2020-03-15,4,TRUE,1437.901,17,3
"SweetCornRNAseqExp","jmh579@cornell.edu","SC_RNA_03","A11","4577","19A0106",224,"20","Experimental","Kernel",81,"273",262,"1",6,2020-07-09,22,TRUE,642.015,13,7
"SweetCornRNAseqExp","jmh579@cornell.edu","SC_RNA_03","B11","4577","19A0021",235,"20","Experimental","Kernel",82,"274",263,"1",4,2020-06-30,9,TRUE,1571.903,17,3
"SweetCornRNAseqExp","jmh579@cornell.edu","SC_RNA_03","C11","4577","19A0124",206,"20","Experimental","Kernel",83,"275",264,"1",5,2020-07-06,6,TRUE,687.519,14,6
"SweetCornRNAseqExp","jmh579@cornell.edu","SC_RNA_03","D11","4577","19A0013",210,"20","Experimental","Kernel",84,"276",265,"1",3,2020-06-28,9,TRUE,1051.498,16,4
"SweetCornRNAseqExp","jmh579@cornell.edu","SC_RNA_03","E11","4577","19A0084",216,"20","Experimental","Kernel",85,"277",266,"1",4,2020-07-02,8,TRUE,1443.778,17,3
"SweetCornRNAseqExp","jmh579@cornell.edu","SC_RNA_03","F11","1","Neg_Control",0,"20","Neg_Control",NA,86,"278",NA,NA,NA,NA,NA,NA,NA,NA,NA
"SweetCornRNAseqExp","jmh579@cornell.edu","SC_RNA_03","G11","4577","19A0083",228,"20","Experimental","Kernel",87,"279",267,"1",3,2020-06-29,18,TRUE,1144.704,16,4
"SweetCornRNAseqExp","jmh579@cornell.edu","SC_RNA_03","H11","4577","19A0371",208,"20","Experimental","Kernel",88,"280",268,"1",6,2020-07-09,20,TRUE,1043.349,16,4
"SweetCornRNAseqExp","jmh579@cornell.edu","SC_RNA_03","A12","4577","19A0336",228,"20","Experimental","Kernel",89,"281",269,"2",6,2020-07-19,4,TRUE,914.593,15,5
"SweetCornRNAseqExp","jmh579@cornell.edu","SC_RNA_03","B12","4577","19A0111",234,"20","Experimental","Kernel",90,"282",270,"1",1,2020-03-15,20,TRUE,2341.678,18,2
"SweetCornRNAseqExp","jmh579@cornell.edu","SC_RNA_03","C12","4577","19A0005",216,"20","Experimental","Kernel",91,"283",271,"1",6,2020-07-09,15,TRUE,1440.658,17,3
"SweetCornRNAseqExp","jmh579@cornell.edu","SC_RNA_03","D12","4577","19A0101",205,"20","Experimental","Kernel",92,"284",272,"1",4,2020-07-01,2,TRUE,684.774,14,6
"SweetCornRNAseqExp","jmh579@cornell.edu","SC_RNA_03","E12","4577","19A0388",223,"20","Experimental","Kernel",93,"285",273,"1",5,2020-07-05,15,TRUE,894.895,15,5
"SweetCornRNAseqExp","jmh579@cornell.edu","SC_RNA_03","F12","4577","19A0304",201,"20","Experimental","Kernel",94,"286",274,"2",7,2020-07-21,15,TRUE,576.289,13,7
"SweetCornRNAseqExp","jmh579@cornell.edu","SC_RNA_03","G12","4577","19A0242",211,"20","Experimental","Kernel",95,"287",275,"1",3,2020-06-24,1,TRUE,384.976,9,11
"SweetCornRNAseqExp","jmh579@cornell.edu","SC_RNA_03","H12","4577","19A0029",206,"20","Experimental","Kernel",96,"288",276,"1",6,2020-07-09,4,TRUE,413.289,10,10
"SweetCornRNAseqExp","jmh579@cornell.edu","SC_RNA_04","A01","4577","19A0244",211,"20","Experimental","Kernel",1,"289",277,"1",3,2020-06-24,8,TRUE,383.82,9,11
"SweetCornRNAseqExp","jmh579@cornell.edu","SC_RNA_04","B01","4577","19A0036",243,"20","Experimental","Kernel",2,"290",278,"1",5,2020-07-05,23,TRUE,972.775,15,5
"SweetCornRNAseqExp","jmh579@cornell.edu","SC_RNA_04","C01","4577","19A0191",202,"20","Experimental","Kernel",3,"291",279,"1",3,2020-06-29,17,TRUE,579.458,13,7
"SweetCornRNAseqExp","jmh579@cornell.edu","SC_RNA_04","D01","4577","19A0121",220,"20","Experimental","Kernel",4,"292",280,"1",2,2020-06-22,19,TRUE,882.782,15,5
"SweetCornRNAseqExp","jmh579@cornell.edu","SC_RNA_04","E01","4577","19A0311",210,"20","Experimental","Kernel",5,"293",281,"1",5,2020-07-08,17,TRUE,702.157,14,6
"SweetCornRNAseqExp","jmh579@cornell.edu","SC_RNA_04","F01","1","Neg_Control",0,"20","Neg_Control",NA,6,"294",NA,NA,NA,NA,NA,NA,NA,NA,NA
"SweetCornRNAseqExp","jmh579@cornell.edu","SC_RNA_04","G01","4577","19A0200",243,"20","Experimental","Kernel",7,"295",282,"2",6,2020-07-20,2,TRUE,974.263,15,5
"SweetCornRNAseqExp","jmh579@cornell.edu","SC_RNA_04","H01","4577","19A0157",212,"20","Experimental","Kernel",8,"296",283,"1",6,2020-07-16,9,TRUE,473.057,11,9
"SweetCornRNAseqExp","jmh579@cornell.edu","SC_RNA_04","A02","4577","19A0132",204,"20","Experimental","Kernel",9,"297",284,"1",1,2020-03-11,1,TRUE,2046.196,18,2
"SweetCornRNAseqExp","jmh579@cornell.edu","SC_RNA_04","B02","4577","19A0087",201,"20","Experimental","Kernel",10,"298",285,"1",6,2020-07-16,7,TRUE,1009.513,16,4
"SweetCornRNAseqExp","jmh579@cornell.edu","SC_RNA_04","C02","4577","19A0142",207,"20","Experimental","Kernel",11,"299",286,"1",4,2020-06-30,24,TRUE,1036.715,16,4
"SweetCornRNAseqExp","jmh579@cornell.edu","SC_RNA_04","D02","4577","19A0065",200,"20","Experimental","Kernel",12,"300",287,"1",4,2020-06-30,21,TRUE,803.185,15,5
"SweetCornRNAseqExp","jmh579@cornell.edu","SC_RNA_04","E02","4577","19A0144",207,"20","Experimental","Kernel",13,"301",288,"1",5,2020-07-08,10,TRUE,1384.494,17,3
"SweetCornRNAseqExp","jmh579@cornell.edu","SC_RNA_04","F02","4577","19A0117",256,"20","Experimental","Kernel",14,"302",289,"1",1,2020-03-15,13,TRUE,1283.059,16,4
"SweetCornRNAseqExp","jmh579@cornell.edu","SC_RNA_04","G02","4577","19A0125",240,"20","Experimental","Kernel",15,"303",290,"1",6,2020-07-09,3,TRUE,962.711,15,5
"SweetCornRNAseqExp","jmh579@cornell.edu","SC_RNA_04","H02","4577","Pos_Control",200,"20","Pos_Control","Kernel",16,"304",NA,NA,NA,NA,NA,NA,NA,NA,NA
"SweetCornRNAseqExp","jmh579@cornell.edu","SC_RNA_04","A03","4577","19A0119",215,"20","Experimental","Kernel",17,"305",291,"2",7,2020-07-21,3,TRUE,430.578,10,10
"SweetCornRNAseqExp","jmh579@cornell.edu","SC_RNA_04","B03","4577","Pos_Control",200,"20","Pos_Control","Kernel",18,"306",NA,NA,NA,NA,NA,NA,NA,NA,NA
"SweetCornRNAseqExp","jmh579@cornell.edu","SC_RNA_04","C03","4577","19A0328",241,"20","Experimental","Kernel",19,"307",292,"1",1,2020-03-11,23,TRUE,965.904,15,5
"SweetCornRNAseqExp","jmh579@cornell.edu","SC_RNA_04","D03","4577","19A0411",217,"20","Experimental","Kernel",20,"308",293,"1",1,2020-03-15,8,TRUE,2177.058,18,2
"SweetCornRNAseqExp","jmh579@cornell.edu","SC_RNA_04","E03","4577","19A0461",208,"20","Experimental","Kernel",21,"309",294,"1",5,2020-07-06,4,TRUE,521.355,12,8
"SweetCornRNAseqExp","jmh579@cornell.edu","SC_RNA_04","F03","4577","19A0453",213,"20","Experimental","Kernel",22,"310",295,"1",4,2020-07-01,5,TRUE,610.436,13,7
"SweetCornRNAseqExp","jmh579@cornell.edu","SC_RNA_04","G03","4577","19A0190",256,"20","Experimental","Kernel",23,"311",296,"1",2,2020-06-18,23,TRUE,1282.122,16,4
"SweetCornRNAseqExp","jmh579@cornell.edu","SC_RNA_04","H03","4577","19A0329",211,"20","Experimental","Kernel",24,"312",297,"1",5,2020-07-05,14,TRUE,845.101,15,5
"SweetCornRNAseqExp","jmh579@cornell.edu","SC_RNA_04","A04","4577","19A0251",229,"20","Experimental","Kernel",25,"313",298,"1",2,2020-06-18,17,TRUE,918.583,15,5
"SweetCornRNAseqExp","jmh579@cornell.edu","SC_RNA_04","B04","4577","19A0054",208,"20","Experimental","Kernel",26,"314",299,"1",1,2020-03-12,14,TRUE,832.524,15,5
"SweetCornRNAseqExp","jmh579@cornell.edu","SC_RNA_04","C04","4577","19A0342",205,"20","Experimental","Kernel",27,"315",300,"2",6,2020-07-19,14,TRUE,821.398,15,5
"SweetCornRNAseqExp","jmh579@cornell.edu","SC_RNA_04","D04","4577","19A0266",240,"20","Experimental","Kernel",28,"316",301,"1",1,2020-03-11,16,TRUE,2404.05,18,2
"SweetCornRNAseqExp","jmh579@cornell.edu","SC_RNA_04","E04","4577","19A0288",210,"20","Experimental","Kernel",29,"317",302,"2",6,2020-07-20,3,FALSE,324.037,7,13
"SweetCornRNAseqExp","jmh579@cornell.edu","SC_RNA_04","F04","4577","19A0234",208,"20","Experimental","Kernel",30,"318",303,"1",5,2020-07-08,2,TRUE,595.894,13,7
"SweetCornRNAseqExp","jmh579@cornell.edu","SC_RNA_04","G04","4577","19A0386",214,"20","Experimental","Kernel",31,"319",304,"1",4,2020-07-01,12,TRUE,537.023,12,8
"SweetCornRNAseqExp","jmh579@cornell.edu","SC_RNA_04","H04","4577","19A0151",221,"20","Experimental","Kernel",32,"320",305,"1",2,2020-06-18,13,TRUE,1107.919,16,4
"SweetCornRNAseqExp","jmh579@cornell.edu","SC_RNA_04","A05","4577","19A0215",221,"20","Experimental","Kernel",33,"321",306,"1",1,2020-03-12,23,TRUE,2217.25,18,2
"SweetCornRNAseqExp","jmh579@cornell.edu","SC_RNA_04","B05","4577","19A0431",224,"20","Experimental","Kernel",34,"322",307,"1",3,2020-06-28,13,TRUE,897.348,15,5
"SweetCornRNAseqExp","jmh579@cornell.edu","SC_RNA_04","C05","4577","19A0067",204,"20","Experimental","Kernel",35,"323",308,"1",4,2020-06-30,10,TRUE,1020.803,16,4
"SweetCornRNAseqExp","jmh579@cornell.edu","SC_RNA_04","D05","4577","19A0150",230,"20","Experimental","Kernel",36,"324",309,"1",5,2020-07-05,16,TRUE,920.097,15,5
"SweetCornRNAseqExp","jmh579@cornell.edu","SC_RNA_04","E05","4577","19A0268",236,"20","Experimental","Kernel",37,"325",310,"1",2,2020-06-22,23,TRUE,1181.346,16,4
"SweetCornRNAseqExp","jmh579@cornell.edu","SC_RNA_04","F05","4577","19A0412",204,"20","Experimental","Kernel",38,"326",311,"1",3,2020-06-29,6,TRUE,584.72,13,7
"SweetCornRNAseqExp","jmh579@cornell.edu","SC_RNA_04","G05","4577","19A0186",212,"20","Experimental","Kernel",39,"327",312,"1",5,2020-07-08,18,TRUE,708.398,14,6
"SweetCornRNAseqExp","jmh579@cornell.edu","SC_RNA_04","H05","4577","19A0163",211,"20","Experimental","Kernel",40,"328",313,"2",6,2020-07-19,18,TRUE,706.27,14,6
"SweetCornRNAseqExp","jmh579@cornell.edu","SC_RNA_04","A06","4577","19A0016",220,"20","Experimental","Kernel",41,"329",314,"1",4,2020-06-30,5,TRUE,490.56,11,9
"SweetCornRNAseqExp","jmh579@cornell.edu","SC_RNA_04","B06","4577","19A0096",236,"20","Experimental","Kernel",42,"330",315,"2",4,2020-07-02,16,TRUE,1181.089,16,4
"SweetCornRNAseqExp","jmh579@cornell.edu","SC_RNA_04","C06","4577","19A0380",232,"20","Experimental","Kernel",43,"331",316,"1",4,2020-07-02,1,TRUE,1162.078,16,4
"SweetCornRNAseqExp","jmh579@cornell.edu","SC_RNA_04","D06","4577","19A0199",200,"20","Experimental","Kernel",44,"332",317,"2",6,2020-07-19,5,FALSE,286.193,6,14
"SweetCornRNAseqExp","jmh579@cornell.edu","SC_RNA_04","E06","4577","19A0180",200,"20","Experimental","Kernel",45,"333",318,"1",1,2020-03-11,17,TRUE,1338.809,17,3
"SweetCornRNAseqExp","jmh579@cornell.edu","SC_RNA_04","F06","4577","19A0181",203,"20","Experimental","Kernel",46,"334",319,"2",7,2020-07-20,12,TRUE,814.948,15,5
"SweetCornRNAseqExp","jmh579@cornell.edu","SC_RNA_04","G06","4577","19A0399",279,"20","Experimental","Kernel",47,"335",320,"1",1,2020-03-12,8,TRUE,1865.285,17,3
"SweetCornRNAseqExp","jmh579@cornell.edu","SC_RNA_04","H06","4577","19A0128",213,"20","Experimental","Kernel",48,"336",321,"1",4,2020-07-05,3,TRUE,356.639,8,12
"SweetCornRNAseqExp","jmh579@cornell.edu","SC_RNA_04","A07","4577","19A0347",203,"20","Experimental","Kernel",49,"337",322,"1",4,2020-06-30,7,TRUE,815.796,15,5
"SweetCornRNAseqExp","jmh579@cornell.edu","SC_RNA_04","B07","4577","19A0082",220,"20","Experimental","Kernel",50,"338",323,"1",1,2020-03-12,11,TRUE,2209.8,18,2
"SweetCornRNAseqExp","jmh579@cornell.edu","SC_RNA_04","C07","4577","19A0175",229,"20","Experimental","Kernel",51,"339",324,"1",3,2020-06-29,24,TRUE,766.551,14,6
"SweetCornRNAseqExp","jmh579@cornell.edu","SC_RNA_04","D07","1","BLANK",0,"0","Neg_Control",NA,52,"340",NA,NA,NA,NA,NA,NA,NA,NA,NA
"SweetCornRNAseqExp","jmh579@cornell.edu","SC_RNA_04","E07","4577","19A0248",200,"20","Experimental","Kernel",53,"341",325,"1",4,2020-07-02,17,TRUE,668.474,14,6
"SweetCornRNAseqExp","jmh579@cornell.edu","SC_RNA_04","F07","4577","19A0292",224,"20","Experimental","Kernel",54,"342",326,"1",4,2020-07-02,24,TRUE,1122.074,16,4
"SweetCornRNAseqExp","jmh579@cornell.edu","SC_RNA_04","G07","4577","19A0352",216,"20","Experimental","Kernel",55,"343",327,"1",3,2020-06-24,18,TRUE,865.111,15,5
"SweetCornRNAseqExp","jmh579@cornell.edu","SC_RNA_04","H07","4577","19A0256",220,"20","Experimental","Kernel",56,"344",328,"1",2,2020-06-22,13,TRUE,883.769,15,5
"SweetCornRNAseqExp","jmh579@cornell.edu","SC_RNA_04","A08","4577","19A0170",265,"20","Experimental","Kernel",57,"345",329,"1",5,2020-07-08,15,TRUE,1327.615,16,4
"SweetCornRNAseqExp","jmh579@cornell.edu","SC_RNA_04","B08","4577","19A0105",203,"20","Experimental","Kernel",58,"346",330,"1",3,2020-06-28,1,TRUE,678.955,14,6
"SweetCornRNAseqExp","jmh579@cornell.edu","SC_RNA_04","C08","4577","19A0340",222,"20","Experimental","Kernel",59,"347",331,"1",5,2020-07-06,8,TRUE,888.898,15,5
"SweetCornRNAseqExp","jmh579@cornell.edu","SC_RNA_04","D08","4577","19A0237",223,"20","Experimental","Kernel",60,"348",332,"1",4,2020-07-02,2,TRUE,559.109,12,8
"SweetCornRNAseqExp","jmh579@cornell.edu","SC_RNA_04","E08","4577","19A0332",215,"20","Experimental","Kernel",61,"349",333,"1",3,2020-06-30,2,TRUE,863.416,15,5
"SweetCornRNAseqExp","jmh579@cornell.edu","SC_RNA_04","F08","4577","19A0209",248,"20","Experimental","Kernel",62,"350",334,"1",1,2020-03-12,18,TRUE,993.218,15,5
"SweetCornRNAseqExp","jmh579@cornell.edu","SC_RNA_04","G08","4577","19A0066",212,"20","Experimental","Kernel",63,"351",335,"1",4,2020-06-30,13,TRUE,849.977,15,5
"SweetCornRNAseqExp","jmh579@cornell.edu","SC_RNA_04","H08","4577","19A0420",202,"20","Experimental","Kernel",64,"352",336,"1",1,2020-06-18,3,TRUE,1347.983,17,3
"SweetCornRNAseqExp","jmh579@cornell.edu","SC_RNA_04","A09","4577","19A0432",226,"20","Experimental","Kernel",65,"353",337,"2",7,2020-07-21,19,TRUE,565.244,12,8
"SweetCornRNAseqExp","jmh579@cornell.edu","SC_RNA_04","B09","4577","19A0164",288,"20","Experimental","Kernel",66,"354",338,"1",1,2020-03-11,21,TRUE,1923.603,17,3
"SweetCornRNAseqExp","jmh579@cornell.edu","SC_RNA_04","C09","4577","19A0034",231,"20","Experimental","Kernel",67,"355",339,"1",5,2020-07-05,13,TRUE,661.091,13,7
"SweetCornRNAseqExp","jmh579@cornell.edu","SC_RNA_04","D09","4577","19A0235",201,"20","Experimental","Kernel",68,"356",340,"1",5,2020-07-08,6,TRUE,673.023,14,6
"SweetCornRNAseqExp","jmh579@cornell.edu","SC_RNA_04","E09","4577","19A0174",253,"20","Experimental","Kernel",69,"357",341,"1",4,2020-07-02,22,TRUE,1687.265,17,3
"SweetCornRNAseqExp","jmh579@cornell.edu","SC_RNA_04","F09","4577","19A0281",207,"20","Experimental","Kernel",70,"358",342,"2",7,2020-07-20,17,TRUE,415.938,10,10
"SweetCornRNAseqExp","jmh579@cornell.edu","SC_RNA_04","G09","4577","19A0314",218,"20","Experimental","Kernel",71,"359",343,"1",4,2020-06-30,11,TRUE,728.083,14,6
"SweetCornRNAseqExp","jmh579@cornell.edu","SC_RNA_04","H09","4577","19A0158",215,"20","Experimental","Kernel",72,"360",344,"2",7,2020-07-20,23,TRUE,1076.763,16,4
"SweetCornRNAseqExp","jmh579@cornell.edu","SC_RNA_04","A10","4577","19A0277",229,"20","Experimental","Kernel",73,"361",345,"1",2,2020-06-22,14,TRUE,655.812,13,7
"SweetCornRNAseqExp","jmh579@cornell.edu","SC_RNA_04","B10","4577","19A0075",256,"20","Experimental","Kernel",74,"362",346,"1",1,2020-03-15,1,TRUE,1283.988,16,4
"SweetCornRNAseqExp","jmh579@cornell.edu","SC_RNA_04","C10","4577","19A0250",262,"20","Experimental","Kernel",75,"363",347,"1",3,2020-06-24,15,TRUE,1312.26,16,4
"SweetCornRNAseqExp","jmh579@cornell.edu","SC_RNA_04","D10","4577","19A0270",204,"20","Experimental","Kernel",76,"364",348,"1",5,2020-07-06,3,TRUE,409.113,10,10
"SweetCornRNAseqExp","jmh579@cornell.edu","SC_RNA_04","E10","4577","19A0228",213,"20","Experimental","Kernel",77,"365",349,"1",3,2020-06-24,11,TRUE,534.602,12,8
"SweetCornRNAseqExp","jmh579@cornell.edu","SC_RNA_04","F10","4577","19A0212",276,"20","Experimental","Kernel",78,"366",350,"1",2,2020-06-18,15,TRUE,1843.557,17,3
"SweetCornRNAseqExp","jmh579@cornell.edu","SC_RNA_04","G10","4577","19A0413",206,"20","Experimental","Kernel",79,"367",351,"2",7,2020-07-21,13,TRUE,826.589,15,5
"SweetCornRNAseqExp","jmh579@cornell.edu","SC_RNA_04","H10","4577","19A0401",211,"20","Experimental","Kernel",80,"368",352,"1",2,2020-06-21,24,TRUE,846.786,15,5
"SweetCornRNAseqExp","jmh579@cornell.edu","SC_RNA_04","A11","4577","19A0095",216,"20","Experimental","Kernel",81,"369",353,"2",7,2020-07-21,23,TRUE,866.599,15,5
"SweetCornRNAseqExp","jmh579@cornell.edu","SC_RNA_04","B11","4577","19A0098",225,"20","Experimental","Kernel",82,"370",354,"1",1,2020-03-12,2,TRUE,1500.563,17,3
"SweetCornRNAseqExp","jmh579@cornell.edu","SC_RNA_04","C11","4577","19A0137",209,"20","Experimental","Kernel",83,"371",355,"1",4,2020-07-01,7,TRUE,1049.807,16,4
"SweetCornRNAseqExp","jmh579@cornell.edu","SC_RNA_04","D11","4577","19A0278",202,"20","Experimental","Kernel",84,"372",356,"2",6,2020-07-20,1,FALSE,311.972,7,13
"SweetCornRNAseqExp","jmh579@cornell.edu","SC_RNA_04","E11","4577","19A0092",221,"20","Experimental","Kernel",85,"373",357,"2",6,2020-07-19,20,TRUE,632.911,13,7
"SweetCornRNAseqExp","jmh579@cornell.edu","SC_RNA_04","F11","4577","19A0156",209,"20","Experimental","Kernel",86,"374",358,"1",3,2020-06-29,15,TRUE,1048.414,16,4
"SweetCornRNAseqExp","jmh579@cornell.edu","SC_RNA_04","G11","4577","19A0445",224,"20","Experimental","Kernel",87,"375",359,"1",6,2020-07-09,2,TRUE,1120.42,16,4
"SweetCornRNAseqExp","jmh579@cornell.edu","SC_RNA_04","H11","4577","19A0339",226,"20","Experimental","Kernel",88,"376",360,"1",6,2020-07-09,12,TRUE,1131.953,16,4
"SweetCornRNAseqExp","jmh579@cornell.edu","SC_RNA_04","A12","4577","19A0319",220,"20","Experimental","Kernel",89,"377",361,"1",5,2020-07-05,22,TRUE,490.609,11,9
"SweetCornRNAseqExp","jmh579@cornell.edu","SC_RNA_04","B12","4577","19A0241",213,"20","Experimental","Kernel",90,"378",362,"1",6,2020-07-16,6,TRUE,1068.841,16,4
"SweetCornRNAseqExp","jmh579@cornell.edu","SC_RNA_04","C12","4577","19A0233",202,"20","Experimental","Kernel",91,"379",363,"2",7,2020-07-21,4,TRUE,578.206,13,7
"SweetCornRNAseqExp","jmh579@cornell.edu","SC_RNA_04","D12","4577","19A0284",236,"20","Experimental","Kernel",92,"380",364,"1",3,2020-06-24,23,TRUE,787.447,14,6
"SweetCornRNAseqExp","jmh579@cornell.edu","SC_RNA_04","E12","4577","19A0168",267,"20","Experimental","Kernel",93,"381",365,"1",1,2020-03-12,3,TRUE,1784.058,17,3
"SweetCornRNAseqExp","jmh579@cornell.edu","SC_RNA_04","F12","4577","19A0239",216,"20","Experimental","Kernel",94,"382",366,"2",7,2020-07-21,2,TRUE,481.705,11,9
"SweetCornRNAseqExp","jmh579@cornell.edu","SC_RNA_04","G12","4577","19A0372",201,"20","Experimental","Kernel",95,"383",367,"2",6,2020-07-19,21,TRUE,402.456,10,10
"SweetCornRNAseqExp","jmh579@cornell.edu","SC_RNA_04","H12","4577","19A0177",202,"20","Experimental","Kernel",96,"384",368,"2",7,2020-07-21,24,TRUE,404.618,10,10
"SweetCornRNAseqExp","jmh579@cornell.edu","SC_RNA_05","A01","4577","19A0245",217,"20","Experimental","Kernel",1,"385",369,"1",4,2020-07-02,15,TRUE,435.684,10,10
"SweetCornRNAseqExp","jmh579@cornell.edu","SC_RNA_05","B01","4577","19A0238",218,"20","Experimental","Kernel",2,"386",370,"1",3,2020-06-24,10,TRUE,729.812,14,6
"SweetCornRNAseqExp","jmh579@cornell.edu","SC_RNA_05","C01","4577","19A0187",216,"20","Experimental","Kernel",3,"387",371,"1",4,2020-07-01,11,TRUE,332.321,7,13
"SweetCornRNAseqExp","jmh579@cornell.edu","SC_RNA_05","D01","4577","19A0167",207,"20","Experimental","Kernel",4,"388",372,"1",1,2020-03-15,9,TRUE,2078.826,18,2
"SweetCornRNAseqExp","jmh579@cornell.edu","SC_RNA_05","E01","4577","19A0019",222,"20","Experimental","Kernel",5,"389",373,"1",4,2020-07-05,8,TRUE,1486.215,17,3
"SweetCornRNAseqExp","jmh579@cornell.edu","SC_RNA_05","F01","4577","19A0424",214,"20","Experimental","Kernel",6,"390",374,"1",2,2020-06-22,18,TRUE,537.057,12,8
"SweetCornRNAseqExp","jmh579@cornell.edu","SC_RNA_05","G01","4577","19A0140",211,"20","Experimental","Kernel",7,"391",375,"1",5,2020-07-07,5,TRUE,384.616,9,11
"SweetCornRNAseqExp","jmh579@cornell.edu","SC_RNA_05","H01","4577","19A0003",249,"20","Experimental","Kernel",8,"392",376,"1",1,2020-03-11,8,TRUE,997.746,15,5
"SweetCornRNAseqExp","jmh579@cornell.edu","SC_RNA_05","A02","4577","19A0060",229,"20","Experimental","Kernel",9,"393",377,"1",3,2020-06-28,14,TRUE,1147.931,16,4
"SweetCornRNAseqExp","jmh579@cornell.edu","SC_RNA_05","B02","4577","19A0375",205,"20","Experimental","Kernel",10,"394",378,"1",5,2020-07-06,7,TRUE,684.989,14,6
"SweetCornRNAseqExp","jmh579@cornell.edu","SC_RNA_05","C02","4577","19A0402",210,"20","Experimental","Kernel",11,"395",379,"1",6,2020-07-09,24,TRUE,1053.659,16,4
"SweetCornRNAseqExp","jmh579@cornell.edu","SC_RNA_05","D02","4577","19A0391",232,"20","Experimental","Kernel",12,"396",380,"1",4,2020-06-30,23,TRUE,773.544,14,6
"SweetCornRNAseqExp","jmh579@cornell.edu","SC_RNA_05","E02","4577","19A0071",202,"20","Experimental","Kernel",13,"397",381,"1",3,2020-06-28,18,TRUE,579.054,13,7
"SweetCornRNAseqExp","jmh579@cornell.edu","SC_RNA_05","F02","4577","19A0045",229,"20","Experimental","Kernel",14,"398",382,"1",1,2020-03-15,15,TRUE,2290.756,18,2
"SweetCornRNAseqExp","jmh579@cornell.edu","SC_RNA_05","G02","4577","19A0452",227,"20","Experimental","Kernel",15,"399",383,"1",2,2020-06-22,3,TRUE,569.343,12,8
"SweetCornRNAseqExp","jmh579@cornell.edu","SC_RNA_05","H02","4577","19A0362",215,"20","Experimental","Kernel",16,"400",384,"2",7,2020-07-20,14,TRUE,718.658,14,6
"SweetCornRNAseqExp","jmh579@cornell.edu","SC_RNA_05","A03","4577","19A0197",206,"20","Experimental","Kernel",17,"401",385,"2",7,2020-07-21,9,TRUE,344.804,8,12
"SweetCornRNAseqExp","jmh579@cornell.edu","SC_RNA_05","B03","4577","19A0322",218,"20","Experimental","Kernel",18,"402",386,"2",7,2020-07-21,7,TRUE,437.282,10,10
"SweetCornRNAseqExp","jmh579@cornell.edu","SC_RNA_05","C03","4577","19A0188",224,"20","Experimental","Kernel",19,"403",387,"1",5,2020-07-08,14,TRUE,562.114,12,8
"SweetCornRNAseqExp","jmh579@cornell.edu","SC_RNA_05","D03","4577","19A0017",234,"20","Experimental","Kernel",20,"404",388,"1",5,2020-07-07,8,TRUE,782.424,14,6
"SweetCornRNAseqExp","jmh579@cornell.edu","SC_RNA_05","E03","4577","19A0373",223,"20","Experimental","Kernel",21,"405",389,"1",5,2020-07-06,5,TRUE,895.574,15,5
"SweetCornRNAseqExp","jmh579@cornell.edu","SC_RNA_05","F03","4577","19A0383",214,"20","Experimental","Kernel",22,"406",390,"2",7,2020-07-21,12,TRUE,330.013,7,13
"SweetCornRNAseqExp","jmh579@cornell.edu","SC_RNA_05","G03","4577","19A0145",204,"20","Experimental","Kernel",23,"407",391,"1",5,2020-07-06,10,TRUE,1024.27,16,4
"SweetCornRNAseqExp","jmh579@cornell.edu","SC_RNA_05","H03","4577","19A0351",247,"20","Experimental","Kernel",24,"408",392,"1",1,2020-03-12,19,TRUE,990.227,15,5
"SweetCornRNAseqExp","jmh579@cornell.edu","SC_RNA_05","A04","4577","19A0004",222,"20","Experimental","Kernel",25,"409",393,"1",4,2020-07-01,6,TRUE,1111.297,16,4
"SweetCornRNAseqExp","jmh579@cornell.edu","SC_RNA_05","B04","4577","19A0405",226,"20","Experimental","Kernel",26,"410",394,"1",1,2020-03-15,14,TRUE,2263.416,18,2
"SweetCornRNAseqExp","jmh579@cornell.edu","SC_RNA_05","C04","4577","19A0455",209,"20","Experimental","Kernel",27,"411",395,"1",2,2020-06-21,13,TRUE,1399.935,17,3
"SweetCornRNAseqExp","jmh579@cornell.edu","SC_RNA_05","D04","4577","19A0217",223,"20","Experimental","Kernel",28,"412",396,"1",4,2020-06-30,19,TRUE,745.938,14,6
"SweetCornRNAseqExp","jmh579@cornell.edu","SC_RNA_05","E04","4577","19A0214",200,"20","Experimental","Kernel",29,"413",397,"1",4,2020-07-01,14,TRUE,800.337,15,5
"SweetCornRNAseqExp","jmh579@cornell.edu","SC_RNA_05","F04","4577","19A0285",210,"20","Experimental","Kernel",30,"414",398,"2",6,2020-07-19,19,TRUE,700.465,14,6
"SweetCornRNAseqExp","jmh579@cornell.edu","SC_RNA_05","G04","1","BLANK",0,"0","Neg_Control",NA,31,"415",NA,NA,NA,NA,NA,NA,NA,NA,NA
"SweetCornRNAseqExp","jmh579@cornell.edu","SC_RNA_05","H04","4577","Pos_Control",200,"20","Pos_Control","Kernel",32,"416",NA,NA,NA,NA,NA,NA,NA,NA,NA
"SweetCornRNAseqExp","jmh579@cornell.edu","SC_RNA_05","A05","4577","19A0264",212,"20","Experimental","Kernel",33,"417",399,"2",6,2020-07-20,6,TRUE,607.647,13,7
"SweetCornRNAseqExp","jmh579@cornell.edu","SC_RNA_05","B05","4577","19A0052",227,"20","Experimental","Kernel",34,"418",400,"1",1,2020-06-18,9,TRUE,1137.895,16,4
"SweetCornRNAseqExp","jmh579@cornell.edu","SC_RNA_05","C05","4577","19A0030",203,"20","Experimental","Kernel",35,"419",401,"1",2,2020-06-21,2,TRUE,1017.836,16,4
"SweetCornRNAseqExp","jmh579@cornell.edu","SC_RNA_05","D05","4577","19A0260",208,"20","Experimental","Kernel",36,"420",402,"2",6,2020-07-16,13,TRUE,694.463,14,6
"SweetCornRNAseqExp","jmh579@cornell.edu","SC_RNA_05","E05","4577","19A0038",234,"20","Experimental","Kernel",37,"421",403,"1",6,2020-07-09,16,TRUE,937.763,15,5
"SweetCornRNAseqExp","jmh579@cornell.edu","SC_RNA_05","F05","4577","19A0324",213,"20","Experimental","Kernel",38,"422",404,"1",2,2020-06-22,4,TRUE,387.471,9,11
"SweetCornRNAseqExp","jmh579@cornell.edu","SC_RNA_05","G05","4577","19A0043",225,"20","Experimental","Kernel",39,"423",405,"1",5,2020-07-06,22,TRUE,1126.891,16,4
"SweetCornRNAseqExp","jmh579@cornell.edu","SC_RNA_05","H05","4577","19A0155",227,"20","Experimental","Kernel",40,"424",406,"1",6,2020-07-09,1,TRUE,757.251,14,6
"SweetCornRNAseqExp","jmh579@cornell.edu","SC_RNA_05","A06","4577","19A0291",223,"20","Experimental","Kernel",41,"425",407,"2",6,2020-07-20,5,TRUE,497.553,11,9
"SweetCornRNAseqExp","jmh579@cornell.edu","SC_RNA_05","B06","4577","19A0317",200,"20","Experimental","Kernel",42,"426",408,"1",5,2020-07-06,21,TRUE,666.829,14,6
"SweetCornRNAseqExp","jmh579@cornell.edu","SC_RNA_05","C06","4577","19A0073",208,"20","Experimental","Kernel",43,"427",409,"1",1,2020-03-11,20,TRUE,2083.92,18,2
"SweetCornRNAseqExp","jmh579@cornell.edu","SC_RNA_05","D06","4577","19A0436",209,"20","Experimental","Kernel",44,"428",410,"2",6,2020-07-16,19,TRUE,523.594,12,8
"SweetCornRNAseqExp","jmh579@cornell.edu","SC_RNA_05","E06","4577","19A0282",216,"20","Experimental","Kernel",45,"429",411,"2",6,2020-07-19,22,TRUE,432.951,10,10
"SweetCornRNAseqExp","jmh579@cornell.edu","SC_RNA_05","F06","4577","19A0460",275,"20","Experimental","Kernel",46,"430",412,"1",2,2020-06-18,18,TRUE,1834.67,17,3
"SweetCornRNAseqExp","jmh579@cornell.edu","SC_RNA_05","G06","4577","19A0208",234,"20","Experimental","Kernel",47,"431",413,"1",6,2020-07-09,23,TRUE,1173.598,16,4
"SweetCornRNAseqExp","jmh579@cornell.edu","SC_RNA_05","H06","4577","19A0338",218,"20","Experimental","Kernel",48,"432",414,"1",5,2020-07-08,21,TRUE,624.615,13,7
"SweetCornRNAseqExp","jmh579@cornell.edu","SC_RNA_05","A07","4577","19A0407",262,"20","Experimental","Kernel",49,"433",415,"1",3,2020-06-28,7,TRUE,1313.123,16,4
"SweetCornRNAseqExp","jmh579@cornell.edu","SC_RNA_05","B07","4577","19A0048",207,"20","Experimental","Kernel",50,"434",416,"1",3,2020-06-28,2,TRUE,593.044,13,7
"SweetCornRNAseqExp","jmh579@cornell.edu","SC_RNA_05","C07","4577","19A0011",235,"20","Experimental","Kernel",51,"435",417,"1",4,2020-07-02,9,TRUE,1179.784,16,4
"SweetCornRNAseqExp","jmh579@cornell.edu","SC_RNA_05","D07","4577","19A0308",227,"20","Experimental","Kernel",52,"436",418,"1",1,2020-03-15,3,TRUE,2274.226,18,2
"SweetCornRNAseqExp","jmh579@cornell.edu","SC_RNA_05","E07","4577","19A0001",263,"20","Experimental","Kernel",53,"437",419,"1",1,2020-03-15,10,TRUE,2637.961,18,2
"SweetCornRNAseqExp","jmh579@cornell.edu","SC_RNA_05","F07","4577","19A0307",232,"20","Experimental","Kernel",54,"438",420,"1",6,2020-07-08,22,TRUE,929.484,15,5
"SweetCornRNAseqExp","jmh579@cornell.edu","SC_RNA_05","G07","4577","19A0396",225,"20","Experimental","Kernel",55,"439",421,"2",6,2020-07-16,24,TRUE,563.497,12,8
"SweetCornRNAseqExp","jmh579@cornell.edu","SC_RNA_05","H07","4577","19A0459",233,"20","Experimental","Kernel",56,"440",422,"2",7,2020-07-20,18,TRUE,933.599,15,5
"SweetCornRNAseqExp","jmh579@cornell.edu","SC_RNA_05","A08","4577","19A0152",212,"20","Experimental","Kernel",57,"441",423,"1",3,2020-06-28,8,TRUE,851.922,15,5
"SweetCornRNAseqExp","jmh579@cornell.edu","SC_RNA_05","B08","1","Neg_Control",0,"20","Neg_Control",NA,58,"442",NA,NA,NA,NA,NA,NA,NA,NA,NA
"SweetCornRNAseqExp","jmh579@cornell.edu","SC_RNA_05","C08","4577","19A0451",243,"20","Experimental","Kernel",59,"443",424,"1",4,2020-07-01,9,TRUE,973.549,15,5
"SweetCornRNAseqExp","jmh579@cornell.edu","SC_RNA_05","D08","4577","19A0120",227,"20","Experimental","Kernel",60,"444",425,"2",6,2020-07-19,9,TRUE,911.93,15,5
"SweetCornRNAseqExp","jmh579@cornell.edu","SC_RNA_05","E08","4577","19A0130",208,"20","Experimental","Kernel",61,"445",426,"1",3,2020-06-28,17,TRUE,696.299,14,6
"SweetCornRNAseqExp","jmh579@cornell.edu","SC_RNA_05","F08","4577","19A0429",218,"20","Experimental","Kernel",62,"446",427,"1",6,2020-07-16,10,TRUE,624.345,13,7
"SweetCornRNAseqExp","jmh579@cornell.edu","SC_RNA_05","G08","4577","19A0166",212,"20","Experimental","Kernel",63,"447",428,"1",2,2020-06-21,7,TRUE,472.198,11,9
"SweetCornRNAseqExp","jmh579@cornell.edu","SC_RNA_05","H08","4577","Pos_Control",200,"20","Pos_Control","Kernel",64,"448",NA,NA,NA,NA,NA,NA,NA,NA,NA
"SweetCornRNAseqExp","jmh579@cornell.edu","SC_RNA_05","A09","4577","19A0263",217,"20","Experimental","Kernel",65,"449",429,"1",4,2020-07-02,11,TRUE,1450.523,17,3
"SweetCornRNAseqExp","jmh579@cornell.edu","SC_RNA_05","B09","4577","19A0064",232,"20","Experimental","Kernel",66,"450",430,"1",5,2020-07-05,20,TRUE,665.271,13,7
"SweetCornRNAseqExp","jmh579@cornell.edu","SC_RNA_05","C09","4577","19A0363",231,"20","Experimental","Kernel",67,"451",431,"2",7,2020-07-21,18,TRUE,927.136,15,5
"SweetCornRNAseqExp","jmh579@cornell.edu","SC_RNA_05","D09","4577","19A0377",235,"20","Experimental","Kernel",68,"452",432,"1",4,2020-07-02,20,TRUE,940.511,15,5
"SweetCornRNAseqExp","jmh579@cornell.edu","SC_RNA_05","E09","4577","19A0097",223,"20","Experimental","Kernel",69,"453",433,"1",5,2020-07-07,11,TRUE,1116.474,16,4
"SweetCornRNAseqExp","jmh579@cornell.edu","SC_RNA_05","F09","4577","19A0385",219,"20","Experimental","Kernel",70,"454",434,"1",1,2020-03-12,12,TRUE,2199.672,18,2
"SweetCornRNAseqExp","jmh579@cornell.edu","SC_RNA_05","G09","4577","19A0417",231,"20","Experimental","Kernel",71,"455",435,"1",3,2020-06-30,3,TRUE,661.731,13,7
"SweetCornRNAseqExp","jmh579@cornell.edu","SC_RNA_05","H09","4577","19A0416",212,"20","Experimental","Kernel",72,"456",436,"1",4,2020-07-02,14,TRUE,386.361,9,11
"SweetCornRNAseqExp","jmh579@cornell.edu","SC_RNA_05","A10","4577","19A0275",222,"20","Experimental","Kernel",73,"457",437,"1",5,2020-07-07,21,TRUE,888.232,15,5
"SweetCornRNAseqExp","jmh579@cornell.edu","SC_RNA_05","B10","4577","19A0135",226,"20","Experimental","Kernel",74,"458",438,"1",5,2020-07-06,9,TRUE,753.954,14,6
