Project Info,,Sample Info,,,,Concentration,,Optional Columns,
Project Name,User Email,Plate Name,Well,NCBITaxId,Sample Name,Concentration(ng/ul),Volume (ul),Experimental Condition,Tissue Type
SweetCornRNAseqExp,jmh579@cornell.edu,SC_RNA_01,A01,4577,19A0205,203,20,Experimental,Kernel
SweetCornRNAseqExp,jmh579@cornell.edu,SC_RNA_01,B01,4577,19A0303,214,20,Experimental,Kernel
SweetCornRNAseqExp,jmh579@cornell.edu,SC_RNA_01,C01,4577,19A0202,226,20,Experimental,Kernel
SweetCornRNAseqExp,jmh579@cornell.edu,SC_RNA_01,D01,4577,19A0240,214,20,Experimental,Kernel
SweetCornRNAseqExp,jmh579@cornell.edu,SC_RNA_01,E01,4577,19A0366,209,20,Experimental,Kernel
SweetCornRNAseqExp,jmh579@cornell.edu,SC_RNA_01,F01,4577,19A0210,226,20,Experimental,Kernel
SweetCornRNAseqExp,jmh579@cornell.edu,SC_RNA_01,G01,4577,19A0148,202,20,Experimental,Kernel
SweetCornRNAseqExp,jmh579@cornell.edu,SC_RNA_01,H01,4577,19A0369,218,20,Experimental,Kernel
SweetCornRNAseqExp,jmh579@cornell.edu,SC_RNA_01,A02,4577,19A0133,224,20,Experimental,Kernel
SweetCornRNAseqExp,jmh579@cornell.edu,SC_RNA_01,B02,4577,19A0410,257,20,Experimental,Kernel
SweetCornRNAseqExp,jmh579@cornell.edu,SC_RNA_01,C02,4577,19A0231,220,20,Experimental,Kernel
SweetCornRNAseqExp,jmh579@cornell.edu,SC_RNA_01,D02,4577,19A0262,203,20,Experimental,Kernel
SweetCornRNAseqExp,jmh579@cornell.edu,SC_RNA_01,E02,4577,19A0192,220,20,Experimental,Kernel
SweetCornRNAseqExp,jmh579@cornell.edu,SC_RNA_01,F02,4577,19A0024,210,20,Experimental,Kernel
SweetCornRNAseqExp,jmh579@cornell.edu,SC_RNA_01,G02,4577,19A0382,219,20,Experimental,Kernel
SweetCornRNAseqExp,jmh579@cornell.edu,SC_RNA_01,H02,4577,19A0359,245,20,Experimental,Kernel
SweetCornRNAseqExp,jmh579@cornell.edu,SC_RNA_01,A03,4577,19A0301,204,20,Experimental,Kernel
SweetCornRNAseqExp,jmh579@cornell.edu,SC_RNA_01,B03,4577,19A0355,239,20,Experimental,Kernel
SweetCornRNAseqExp,jmh579@cornell.edu,SC_RNA_01,C03,4577,19A0146,228,20,Experimental,Kernel
SweetCornRNAseqExp,jmh579@cornell.edu,SC_RNA_01,D03,4577,19A0078,216,20,Experimental,Kernel
SweetCornRNAseqExp,jmh579@cornell.edu,SC_RNA_01,E03,4577,19A0364,214,20,Experimental,Kernel
SweetCornRNAseqExp,jmh579@cornell.edu,SC_RNA_01,F03,4577,19A0213,224,20,Experimental,Kernel
SweetCornRNAseqExp,jmh579@cornell.edu,SC_RNA_01,G03,4577,19A0327,230,20,Experimental,Kernel
SweetCornRNAseqExp,jmh579@cornell.edu,SC_RNA_01,H03,4577,19A0280,221,20,Experimental,Kernel
SweetCornRNAseqExp,jmh579@cornell.edu,SC_RNA_01,A04,4577,19A0039,209,20,Experimental,Kernel
SweetCornRNAseqExp,jmh579@cornell.edu,SC_RNA_01,B04,1,Neg_Control,0,20,Neg_Control,NA
SweetCornRNAseqExp,jmh579@cornell.edu,SC_RNA_01,C04,1,BLANK,0,0,Neg_Control,NA
SweetCornRNAseqExp,jmh579@cornell.edu,SC_RNA_01,D04,4577,19A0334,238,20,Experimental,Kernel
SweetCornRNAseqExp,jmh579@cornell.edu,SC_RNA_01,E04,4577,19A0222,205,20,Experimental,Kernel
SweetCornRNAseqExp,jmh579@cornell.edu,SC_RNA_01,F04,4577,19A0122,215,20,Experimental,Kernel
SweetCornRNAseqExp,jmh579@cornell.edu,SC_RNA_01,G04,4577,19A0422,208,20,Experimental,Kernel
SweetCornRNAseqExp,jmh579@cornell.edu,SC_RNA_01,H04,4577,19A0331,262,20,Experimental,Kernel
SweetCornRNAseqExp,jmh579@cornell.edu,SC_RNA_01,A05,4577,19A0265,215,20,Experimental,Kernel
SweetCornRNAseqExp,jmh579@cornell.edu,SC_RNA_01,B05,4577,19A0112,230,20,Experimental,Kernel
SweetCornRNAseqExp,jmh579@cornell.edu,SC_RNA_01,C05,4577,19A0224,221,20,Experimental,Kernel
SweetCornRNAseqExp,jmh579@cornell.edu,SC_RNA_01,D05,4577,Pos_Control,200,20,Pos_Control,Kernel
SweetCornRNAseqExp,jmh579@cornell.edu,SC_RNA_01,E05,4577,19A0110,218,20,Experimental,Kernel
SweetCornRNAseqExp,jmh579@cornell.edu,SC_RNA_01,F05,4577,19A0207,226,20,Experimental,Kernel
SweetCornRNAseqExp,jmh579@cornell.edu,SC_RNA_01,G05,4577,19A0010,204,20,Experimental,Kernel
SweetCornRNAseqExp,jmh579@cornell.edu,SC_RNA_01,H05,4577,19A0450,230,20,Experimental,Kernel
SweetCornRNAseqExp,jmh579@cornell.edu,SC_RNA_01,A06,4577,19A0008,229,20,Experimental,Kernel
SweetCornRNAseqExp,jmh579@cornell.edu,SC_RNA_01,B06,4577,19A0356,223,20,Experimental,Kernel
SweetCornRNAseqExp,jmh579@cornell.edu,SC_RNA_01,C06,4577,19A0406,237,20,Experimental,Kernel
SweetCornRNAseqExp,jmh579@cornell.edu,SC_RNA_01,D06,4577,19A0243,217,20,Experimental,Kernel
SweetCornRNAseqExp,jmh579@cornell.edu,SC_RNA_01,E06,4577,19A0425,217,20,Experimental,Kernel
SweetCornRNAseqExp,jmh579@cornell.edu,SC_RNA_01,F06,4577,19A0448,208,20,Experimental,Kernel
SweetCornRNAseqExp,jmh579@cornell.edu,SC_RNA_01,G06,4577,19A0289,212,20,Experimental,Kernel
SweetCornRNAseqExp,jmh579@cornell.edu,SC_RNA_01,H06,4577,19A0236,230,20,Experimental,Kernel
SweetCornRNAseqExp,jmh579@cornell.edu,SC_RNA_01,A07,4577,19A0050,215,20,Experimental,Kernel
SweetCornRNAseqExp,jmh579@cornell.edu,SC_RNA_01,B07,4577,19A0219,216,20,Experimental,Kernel
SweetCornRNAseqExp,jmh579@cornell.edu,SC_RNA_01,C07,4577,19A0115,262,20,Experimental,Kernel
SweetCornRNAseqExp,jmh579@cornell.edu,SC_RNA_01,D07,4577,19A0343,215,20,Experimental,Kernel
SweetCornRNAseqExp,jmh579@cornell.edu,SC_RNA_01,E07,4577,19A0384,217,20,Experimental,Kernel
SweetCornRNAseqExp,jmh579@cornell.edu,SC_RNA_01,F07,4577,Pos_Control,200,20,Pos_Control,Kernel
SweetCornRNAseqExp,jmh579@cornell.edu,SC_RNA_01,G07,4577,19A0171,255,20,Experimental,Kernel
SweetCornRNAseqExp,jmh579@cornell.edu,SC_RNA_01,H07,4577,19A0259,202,20,Experimental,Kernel
SweetCornRNAseqExp,jmh579@cornell.edu,SC_RNA_01,A08,4577,19A0261,210,20,Experimental,Kernel
SweetCornRNAseqExp,jmh579@cornell.edu,SC_RNA_01,B08,4577,19A0032,209,20,Experimental,Kernel
SweetCornRNAseqExp,jmh579@cornell.edu,SC_RNA_01,C08,4577,19A0232,204,20,Experimental,Kernel
SweetCornRNAseqExp,jmh579@cornell.edu,SC_RNA_01,D08,4577,19A0246,220,20,Experimental,Kernel
SweetCornRNAseqExp,jmh579@cornell.edu,SC_RNA_01,E08,4577,19A0458,231,20,Experimental,Kernel
SweetCornRNAseqExp,jmh579@cornell.edu,SC_RNA_01,F08,4577,19A0294,207,20,Experimental,Kernel
SweetCornRNAseqExp,jmh579@cornell.edu,SC_RNA_01,G08,4577,19A0462,255,20,Experimental,Kernel
SweetCornRNAseqExp,jmh579@cornell.edu,SC_RNA_01,H08,4577,19A0337,231,20,Experimental,Kernel
SweetCornRNAseqExp,jmh579@cornell.edu,SC_RNA_01,A09,4577,19A0194,215,20,Experimental,Kernel
SweetCornRNAseqExp,jmh579@cornell.edu,SC_RNA_01,B09,4577,19A0220,207,20,Experimental,Kernel
SweetCornRNAseqExp,jmh579@cornell.edu,SC_RNA_01,C09,4577,19A0449,219,20,Experimental,Kernel
SweetCornRNAseqExp,jmh579@cornell.edu,SC_RNA_01,D09,4577,19A0318,218,20,Experimental,Kernel
SweetCornRNAseqExp,jmh579@cornell.edu,SC_RNA_01,E09,4577,19A0440,212,20,Experimental,Kernel
SweetCornRNAseqExp,jmh579@cornell.edu,SC_RNA_01,F09,4577,19A0305,242,20,Experimental,Kernel
SweetCornRNAseqExp,jmh579@cornell.edu,SC_RNA_01,G09,4577,19A0035,212,20,Experimental,Kernel
SweetCornRNAseqExp,jmh579@cornell.edu,SC_RNA_01,H09,4577,19A0203,213,20,Experimental,Kernel
SweetCornRNAseqExp,jmh579@cornell.edu,SC_RNA_01,A10,4577,19A0400,240,20,Experimental,Kernel
SweetCornRNAseqExp,jmh579@cornell.edu,SC_RNA_01,B10,4577,19A0179,203,20,Experimental,Kernel
SweetCornRNAseqExp,jmh579@cornell.edu,SC_RNA_01,C10,4577,19A0099,210,20,Experimental,Kernel
SweetCornRNAseqExp,jmh579@cornell.edu,SC_RNA_01,D10,4577,19A0457,227,20,Experimental,Kernel
SweetCornRNAseqExp,jmh579@cornell.edu,SC_RNA_01,E10,4577,19A0398,217,20,Experimental,Kernel
SweetCornRNAseqExp,jmh579@cornell.edu,SC_RNA_01,F10,4577,19A0353,216,20,Experimental,Kernel
SweetCornRNAseqExp,jmh579@cornell.edu,SC_RNA_01,G10,4577,19A0042,210,20,Experimental,Kernel
SweetCornRNAseqExp,jmh579@cornell.edu,SC_RNA_01,H10,4577,19A0134,260,20,Experimental,Kernel
SweetCornRNAseqExp,jmh579@cornell.edu,SC_RNA_01,A11,4577,19A0041,228,20,Experimental,Kernel
SweetCornRNAseqExp,jmh579@cornell.edu,SC_RNA_01,B11,4577,19A0326,206,20,Experimental,Kernel
SweetCornRNAseqExp,jmh579@cornell.edu,SC_RNA_01,C11,4577,19A0193,223,20,Experimental,Kernel
SweetCornRNAseqExp,jmh579@cornell.edu,SC_RNA_01,D11,4577,19A0309,246,20,Experimental,Kernel
SweetCornRNAseqExp,jmh579@cornell.edu,SC_RNA_01,E11,4577,19A0271,236,20,Experimental,Kernel
SweetCornRNAseqExp,jmh579@cornell.edu,SC_RNA_01,F11,4577,19A0172,211,20,Experimental,Kernel
SweetCornRNAseqExp,jmh579@cornell.edu,SC_RNA_01,G11,4577,19A0419,237,20,Experimental,Kernel
SweetCornRNAseqExp,jmh579@cornell.edu,SC_RNA_01,H11,4577,19A0037,217,20,Experimental,Kernel
SweetCornRNAseqExp,jmh579@cornell.edu,SC_RNA_01,A12,4577,19A0225,234,20,Experimental,Kernel
SweetCornRNAseqExp,jmh579@cornell.edu,SC_RNA_01,B12,4577,19A0195,212,20,Experimental,Kernel
SweetCornRNAseqExp,jmh579@cornell.edu,SC_RNA_01,C12,4577,19A0223,229,20,Experimental,Kernel
SweetCornRNAseqExp,jmh579@cornell.edu,SC_RNA_01,D12,4577,19A0379,245,20,Experimental,Kernel
SweetCornRNAseqExp,jmh579@cornell.edu,SC_RNA_01,E12,4577,19A0198,239,20,Experimental,Kernel
SweetCornRNAseqExp,jmh579@cornell.edu,SC_RNA_01,F12,4577,19A0185,236,20,Experimental,Kernel
SweetCornRNAseqExp,jmh579@cornell.edu,SC_RNA_01,G12,4577,19A0325,231,20,Experimental,Kernel
SweetCornRNAseqExp,jmh579@cornell.edu,SC_RNA_01,H12,4577,19A0306,230,20,Experimental,Kernel
SweetCornRNAseqExp,jmh579@cornell.edu,SC_RNA_02,A01,4577,19A0086,210,20,Experimental,Kernel
SweetCornRNAseqExp,jmh579@cornell.edu,SC_RNA_02,B01,4577,19A0079,223,20,Experimental,Kernel
SweetCornRNAseqExp,jmh579@cornell.edu,SC_RNA_02,C01,4577,19A0433,255,20,Experimental,Kernel
SweetCornRNAseqExp,jmh579@cornell.edu,SC_RNA_02,D01,4577,19A0070,228,20,Experimental,Kernel
SweetCornRNAseqExp,jmh579@cornell.edu,SC_RNA_02,E01,4577,19A0428,156,20,Experimental,Kernel
SweetCornRNAseqExp,jmh579@cornell.edu,SC_RNA_02,F01,4577,19A0333,210,20,Experimental,Kernel
SweetCornRNAseqExp,jmh579@cornell.edu,SC_RNA_02,G01,4577,19A0312,214,20,Experimental,Kernel
SweetCornRNAseqExp,jmh579@cornell.edu,SC_RNA_02,H01,4577,19A0438,297,20,Experimental,Kernel
SweetCornRNAseqExp,jmh579@cornell.edu,SC_RNA_02,A02,4577,19A0370,216,20,Experimental,Kernel
SweetCornRNAseqExp,jmh579@cornell.edu,SC_RNA_02,B02,4577,19A0273,214,20,Experimental,Kernel
SweetCornRNAseqExp,jmh579@cornell.edu,SC_RNA_02,C02,4577,19A0059,220,20,Experimental,Kernel
SweetCornRNAseqExp,jmh579@cornell.edu,SC_RNA_02,D02,4577,19A0139,224,20,Experimental,Kernel
SweetCornRNAseqExp,jmh579@cornell.edu,SC_RNA_02,E02,4577,19A0360,221,20,Experimental,Kernel
SweetCornRNAseqExp,jmh579@cornell.edu,SC_RNA_02,F02,4577,19A0365,212,20,Experimental,Kernel
SweetCornRNAseqExp,jmh579@cornell.edu,SC_RNA_02,G02,4577,19A0439,287,20,Experimental,Kernel
SweetCornRNAseqExp,jmh579@cornell.edu,SC_RNA_02,H02,4577,19A0367,214,20,Experimental,Kernel
SweetCornRNAseqExp,jmh579@cornell.edu,SC_RNA_02,A03,4577,19A0423,221,20,Experimental,Kernel
SweetCornRNAseqExp,jmh579@cornell.edu,SC_RNA_02,B03,4577,19A0103,223,20,Experimental,Kernel
SweetCornRNAseqExp,jmh579@cornell.edu,SC_RNA_02,C03,4577,Pos_Control,200,20,Pos_Control,Kernel
SweetCornRNAseqExp,jmh579@cornell.edu,SC_RNA_02,D03,4577,19A0403,208,20,Experimental,Kernel
SweetCornRNAseqExp,jmh579@cornell.edu,SC_RNA_02,E03,4577,19A0252,213,20,Experimental,Kernel
SweetCornRNAseqExp,jmh579@cornell.edu,SC_RNA_02,F03,4577,19A0296,232,20,Experimental,Kernel
SweetCornRNAseqExp,jmh579@cornell.edu,SC_RNA_02,G03,4577,19A0395,220,20,Experimental,Kernel
SweetCornRNAseqExp,jmh579@cornell.edu,SC_RNA_02,H03,4577,19A0267,201,20,Experimental,Kernel
SweetCornRNAseqExp,jmh579@cornell.edu,SC_RNA_02,A04,4577,19A0447,212,20,Experimental,Kernel
SweetCornRNAseqExp,jmh579@cornell.edu,SC_RNA_02,B04,4577,19A0300,209,20,Experimental,Kernel
SweetCornRNAseqExp,jmh579@cornell.edu,SC_RNA_02,C04,4577,19A0227,222,20,Experimental,Kernel
SweetCornRNAseqExp,jmh579@cornell.edu,SC_RNA_02,D04,4577,19A0049,202,20,Experimental,Kernel
SweetCornRNAseqExp,jmh579@cornell.edu,SC_RNA_02,E04,4577,19A0118,204,20,Experimental,Kernel
SweetCornRNAseqExp,jmh579@cornell.edu,SC_RNA_02,F04,4577,19A0113,222,20,Experimental,Kernel
SweetCornRNAseqExp,jmh579@cornell.edu,SC_RNA_02,G04,4577,19A0020,221,20,Experimental,Kernel
SweetCornRNAseqExp,jmh579@cornell.edu,SC_RNA_02,H04,4577,19A0131,225,20,Experimental,Kernel
SweetCornRNAseqExp,jmh579@cornell.edu,SC_RNA_02,A05,4577,19A0247,232,20,Experimental,Kernel
SweetCornRNAseqExp,jmh579@cornell.edu,SC_RNA_02,B05,4577,19A0378,237,20,Experimental,Kernel
SweetCornRNAseqExp,jmh579@cornell.edu,SC_RNA_02,C05,4577,19A0053,237,20,Experimental,Kernel
SweetCornRNAseqExp,jmh579@cornell.edu,SC_RNA_02,D05,4577,19A0287,233,20,Experimental,Kernel
SweetCornRNAseqExp,jmh579@cornell.edu,SC_RNA_02,E05,4577,19A0392,203,20,Experimental,Kernel
SweetCornRNAseqExp,jmh579@cornell.edu,SC_RNA_02,F05,4577,19A0229,241,20,Experimental,Kernel
SweetCornRNAseqExp,jmh579@cornell.edu,SC_RNA_02,G05,4577,19A0153,258,20,Experimental,Kernel
SweetCornRNAseqExp,jmh579@cornell.edu,SC_RNA_02,H05,4577,19A0126,256,20,Experimental,Kernel
SweetCornRNAseqExp,jmh579@cornell.edu,SC_RNA_02,A06,4577,19A0162,209,20,Experimental,Kernel
SweetCornRNAseqExp,jmh579@cornell.edu,SC_RNA_02,B06,4577,19A0346,258,20,Experimental,Kernel
SweetCornRNAseqExp,jmh579@cornell.edu,SC_RNA_02,C06,4577,19A0123,206,20,Experimental,Kernel
SweetCornRNAseqExp,jmh579@cornell.edu,SC_RNA_02,D06,4577,19A0349,233,20,Experimental,Kernel
SweetCornRNAseqExp,jmh579@cornell.edu,SC_RNA_02,E06,4577,19A0302,219,20,Experimental,Kernel
SweetCornRNAseqExp,jmh579@cornell.edu,SC_RNA_02,F06,4577,19A0376,207,20,Experimental,Kernel
SweetCornRNAseqExp,jmh579@cornell.edu,SC_RNA_02,G06,4577,19A0072,209,20,Experimental,Kernel
SweetCornRNAseqExp,jmh579@cornell.edu,SC_RNA_02,H06,4577,19A0018,209,20,Experimental,Kernel
SweetCornRNAseqExp,jmh579@cornell.edu,SC_RNA_02,A07,4577,19A0069,205,20,Experimental,Kernel
SweetCornRNAseqExp,jmh579@cornell.edu,SC_RNA_02,B07,4577,19A0091,204,20,Experimental,Kernel
SweetCornRNAseqExp,jmh579@cornell.edu,SC_RNA_02,C07,4577,19A0094,225,20,Experimental,Kernel
SweetCornRNAseqExp,jmh579@cornell.edu,SC_RNA_02,D07,4577,19A0178,233,20,Experimental,Kernel
SweetCornRNAseqExp,jmh579@cornell.edu,SC_RNA_02,E07,4577,19A0007,246,20,Experimental,Kernel
SweetCornRNAseqExp,jmh579@cornell.edu,SC_RNA_02,F07,4577,19A0147,229,20,Experimental,Kernel
SweetCornRNAseqExp,jmh579@cornell.edu,SC_RNA_02,G07,4577,19A0249,223,20,Experimental,Kernel
SweetCornRNAseqExp,jmh579@cornell.edu,SC_RNA_02,H07,4577,19A0348,217,20,Experimental,Kernel
SweetCornRNAseqExp,jmh579@cornell.edu,SC_RNA_02,A08,4577,19A0080,264,20,Experimental,Kernel
SweetCornRNAseqExp,jmh579@cornell.edu,SC_RNA_02,B08,4577,19A0211,202,20,Experimental,Kernel
SweetCornRNAseqExp,jmh579@cornell.edu,SC_RNA_02,C08,4577,19A0081,234,20,Experimental,Kernel
SweetCornRNAseqExp,jmh579@cornell.edu,SC_RNA_02,D08,4577,19A0154,239,20,Experimental,Kernel
SweetCornRNAseqExp,jmh579@cornell.edu,SC_RNA_02,E08,4577,19A0109,205,20,Experimental,Kernel
SweetCornRNAseqExp,jmh579@cornell.edu,SC_RNA_02,F08,4577,19A0390,220,20,Experimental,Kernel
SweetCornRNAseqExp,jmh579@cornell.edu,SC_RNA_02,G08,1,BLANK,0,0,Neg_Control,NA
SweetCornRNAseqExp,jmh579@cornell.edu,SC_RNA_02,H08,4577,19A0090,218,20,Experimental,Kernel
SweetCornRNAseqExp,jmh579@cornell.edu,SC_RNA_02,A09,4577,19A0173,201,20,Experimental,Kernel
SweetCornRNAseqExp,jmh579@cornell.edu,SC_RNA_02,B09,4577,19A0159,245,20,Experimental,Kernel
SweetCornRNAseqExp,jmh579@cornell.edu,SC_RNA_02,C09,4577,19A0093,230,20,Experimental,Kernel
SweetCornRNAseqExp,jmh579@cornell.edu,SC_RNA_02,D09,4577,19A0295,249,20,Experimental,Kernel
SweetCornRNAseqExp,jmh579@cornell.edu,SC_RNA_02,E09,4577,19A0149,215,20,Experimental,Kernel
SweetCornRNAseqExp,jmh579@cornell.edu,SC_RNA_02,F09,4577,19A0015,215,20,Experimental,Kernel
SweetCornRNAseqExp,jmh579@cornell.edu,SC_RNA_02,G09,4577,19A0009,204,20,Experimental,Kernel
SweetCornRNAseqExp,jmh579@cornell.edu,SC_RNA_02,H09,4577,19A0387,216,20,Experimental,Kernel
SweetCornRNAseqExp,jmh579@cornell.edu,SC_RNA_02,A10,4577,19A0357,211,20,Experimental,Kernel
SweetCornRNAseqExp,jmh579@cornell.edu,SC_RNA_02,B10,4577,19A0076,205,20,Experimental,Kernel
SweetCornRNAseqExp,jmh579@cornell.edu,SC_RNA_02,C10,4577,19A0182,208,20,Experimental,Kernel
SweetCornRNAseqExp,jmh579@cornell.edu,SC_RNA_02,D10,4577,19A0088,229,20,Experimental,Kernel
SweetCornRNAseqExp,jmh579@cornell.edu,SC_RNA_02,E10,4577,19A0138,220,20,Experimental,Kernel
SweetCornRNAseqExp,jmh579@cornell.edu,SC_RNA_02,F10,4577,19A0456,211,20,Experimental,Kernel
SweetCornRNAseqExp,jmh579@cornell.edu,SC_RNA_02,G10,4577,19A0299,238,20,Experimental,Kernel
SweetCornRNAseqExp,jmh579@cornell.edu,SC_RNA_02,H10,4577,19A0169,202,20,Experimental,Kernel
SweetCornRNAseqExp,jmh579@cornell.edu,SC_RNA_02,A11,4577,19A0358,235,20,Experimental,Kernel
SweetCornRNAseqExp,jmh579@cornell.edu,SC_RNA_02,B11,4577,Pos_Control,200,20,Pos_Control,Kernel
SweetCornRNAseqExp,jmh579@cornell.edu,SC_RNA_02,C11,4577,19A0230,239,20,Experimental,Kernel
SweetCornRNAseqExp,jmh579@cornell.edu,SC_RNA_02,D11,4577,19A0335,243,20,Experimental,Kernel
SweetCornRNAseqExp,jmh579@cornell.edu,SC_RNA_02,E11,1,Neg_Control,0,20,Neg_Control,NA
SweetCornRNAseqExp,jmh579@cornell.edu,SC_RNA_02,F11,4577,19A0055,217,20,Experimental,Kernel
SweetCornRNAseqExp,jmh579@cornell.edu,SC_RNA_02,G11,4577,19A0418,201,20,Experimental,Kernel
SweetCornRNAseqExp,jmh579@cornell.edu,SC_RNA_02,H11,4577,19A0313,208,20,Experimental,Kernel
SweetCornRNAseqExp,jmh579@cornell.edu,SC_RNA_02,A12,4577,19A0298,214,20,Experimental,Kernel
SweetCornRNAseqExp,jmh579@cornell.edu,SC_RNA_02,B12,4577,19A0394,205,20,Experimental,Kernel
SweetCornRNAseqExp,jmh579@cornell.edu,SC_RNA_02,C12,4577,19A0430,229,20,Experimental,Kernel
SweetCornRNAseqExp,jmh579@cornell.edu,SC_RNA_02,D12,4577,19A0316,214,20,Experimental,Kernel
SweetCornRNAseqExp,jmh579@cornell.edu,SC_RNA_02,E12,4577,19A0393,229,20,Experimental,Kernel
SweetCornRNAseqExp,jmh579@cornell.edu,SC_RNA_02,F12,4577,19A0454,233,20,Experimental,Kernel
SweetCornRNAseqExp,jmh579@cornell.edu,SC_RNA_02,G12,4577,19A0421,201,20,Experimental,Kernel
SweetCornRNAseqExp,jmh579@cornell.edu,SC_RNA_02,H12,4577,19A0176,221,20,Experimental,Kernel
SweetCornRNAseqExp,jmh579@cornell.edu,SC_RNA_03,A01,4577,19A0074,261,20,Experimental,Kernel
SweetCornRNAseqExp,jmh579@cornell.edu,SC_RNA_03,B01,4577,19A0077,221,20,Experimental,Kernel
SweetCornRNAseqExp,jmh579@cornell.edu,SC_RNA_03,C01,4577,19A0160,220,20,Experimental,Kernel
SweetCornRNAseqExp,jmh579@cornell.edu,SC_RNA_03,D01,4577,19A0012,220,20,Experimental,Kernel
SweetCornRNAseqExp,jmh579@cornell.edu,SC_RNA_03,E01,4577,19A0286,226,20,Experimental,Kernel
SweetCornRNAseqExp,jmh579@cornell.edu,SC_RNA_03,F01,4577,19A0435,211,20,Experimental,Kernel
SweetCornRNAseqExp,jmh579@cornell.edu,SC_RNA_03,G01,4577,19A0344,214,20,Experimental,Kernel
SweetCornRNAseqExp,jmh579@cornell.edu,SC_RNA_03,H01,4577,19A0315,233,20,Experimental,Kernel
SweetCornRNAseqExp,jmh579@cornell.edu,SC_RNA_03,A02,4577,19A0253,227,20,Experimental,Kernel
SweetCornRNAseqExp,jmh579@cornell.edu,SC_RNA_03,B02,4577,19A0427,213,20,Experimental,Kernel
SweetCornRNAseqExp,jmh579@cornell.edu,SC_RNA_03,C02,4577,19A0046,245,20,Experimental,Kernel
SweetCornRNAseqExp,jmh579@cornell.edu,SC_RNA_03,D02,4577,19A0006,249,20,Experimental,Kernel
SweetCornRNAseqExp,jmh579@cornell.edu,SC_RNA_03,E02,4577,19A0196,213,20,Experimental,Kernel
SweetCornRNAseqExp,jmh579@cornell.edu,SC_RNA_03,F02,4577,19A0108,248,20,Experimental,Kernel
SweetCornRNAseqExp,jmh579@cornell.edu,SC_RNA_03,G02,4577,19A0345,239,20,Experimental,Kernel
SweetCornRNAseqExp,jmh579@cornell.edu,SC_RNA_03,H02,4577,19A0444,213,20,Experimental,Kernel
SweetCornRNAseqExp,jmh579@cornell.edu,SC_RNA_03,A03,4577,19A0161,205,20,Experimental,Kernel
SweetCornRNAseqExp,jmh579@cornell.edu,SC_RNA_03,B03,4577,19A0389,215,20,Experimental,Kernel
SweetCornRNAseqExp,jmh579@cornell.edu,SC_RNA_03,C03,4577,19A0361,221,20,Experimental,Kernel
SweetCornRNAseqExp,jmh579@cornell.edu,SC_RNA_03,D03,4577,19A0031,267,20,Experimental,Kernel
SweetCornRNAseqExp,jmh579@cornell.edu,SC_RNA_03,E03,4577,19A0184,200,20,Experimental,Kernel
SweetCornRNAseqExp,jmh579@cornell.edu,SC_RNA_03,F03,4577,19A0350,214,20,Experimental,Kernel
SweetCornRNAseqExp,jmh579@cornell.edu,SC_RNA_03,G03,4577,19A0258,270,20,Experimental,Kernel
SweetCornRNAseqExp,jmh579@cornell.edu,SC_RNA_03,H03,4577,19A0028,206,20,Experimental,Kernel
SweetCornRNAseqExp,jmh579@cornell.edu,SC_RNA_03,A04,4577,19A0397,220,20,Experimental,Kernel
SweetCornRNAseqExp,jmh579@cornell.edu,SC_RNA_03,B04,4577,19A0274,216,20,Experimental,Kernel
SweetCornRNAseqExp,jmh579@cornell.edu,SC_RNA_03,C04,4577,19A0102,218,20,Experimental,Kernel
SweetCornRNAseqExp,jmh579@cornell.edu,SC_RNA_03,D04,4577,19A0027,257,20,Experimental,Kernel
SweetCornRNAseqExp,jmh579@cornell.edu,SC_RNA_03,E04,4577,19A0354,204,20,Experimental,Kernel
SweetCornRNAseqExp,jmh579@cornell.edu,SC_RNA_03,F04,4577,19A0058,209,20,Experimental,Kernel
SweetCornRNAseqExp,jmh579@cornell.edu,SC_RNA_03,G04,4577,19A0255,213,20,Experimental,Kernel
SweetCornRNAseqExp,jmh579@cornell.edu,SC_RNA_03,H04,4577,19A0442,233,20,Experimental,Kernel
SweetCornRNAseqExp,jmh579@cornell.edu,SC_RNA_03,A05,4577,19A0404,202,20,Experimental,Kernel
SweetCornRNAseqExp,jmh579@cornell.edu,SC_RNA_03,B05,4577,19A0226,235,20,Experimental,Kernel
SweetCornRNAseqExp,jmh579@cornell.edu,SC_RNA_03,C05,4577,19A0062,260,20,Experimental,Kernel
SweetCornRNAseqExp,jmh579@cornell.edu,SC_RNA_03,D05,4577,19A0183,218,20,Experimental,Kernel
SweetCornRNAseqExp,jmh579@cornell.edu,SC_RNA_03,E05,4577,19A0026,206,20,Experimental,Kernel
SweetCornRNAseqExp,jmh579@cornell.edu,SC_RNA_03,F05,4577,19A0100,205,20,Experimental,Kernel
SweetCornRNAseqExp,jmh579@cornell.edu,SC_RNA_03,G05,4577,19A0022,277,20,Experimental,Kernel
SweetCornRNAseqExp,jmh579@cornell.edu,SC_RNA_03,H05,4577,19A0341,211,20,Experimental,Kernel
SweetCornRNAseqExp,jmh579@cornell.edu,SC_RNA_03,A06,4577,19A0023,207,20,Experimental,Kernel
SweetCornRNAseqExp,jmh579@cornell.edu,SC_RNA_03,B06,4577,19A0025,201,20,Experimental,Kernel
SweetCornRNAseqExp,jmh579@cornell.edu,SC_RNA_03,C06,4577,19A0434,210,20,Experimental,Kernel
SweetCornRNAseqExp,jmh579@cornell.edu,SC_RNA_03,D06,4577,19A0443,214,20,Experimental,Kernel
SweetCornRNAseqExp,jmh579@cornell.edu,SC_RNA_03,E06,4577,19A0437,212,20,Experimental,Kernel
SweetCornRNAseqExp,jmh579@cornell.edu,SC_RNA_03,F06,4577,19A0201,207,20,Experimental,Kernel
SweetCornRNAseqExp,jmh579@cornell.edu,SC_RNA_03,G06,4577,19A0107,215,20,Experimental,Kernel
SweetCornRNAseqExp,jmh579@cornell.edu,SC_RNA_03,H06,4577,19A0414,242,20,Experimental,Kernel
SweetCornRNAseqExp,jmh579@cornell.edu,SC_RNA_03,A07,4577,19A0221,223,20,Experimental,Kernel
SweetCornRNAseqExp,jmh579@cornell.edu,SC_RNA_03,B07,4577,19A0089,200,20,Experimental,Kernel
SweetCornRNAseqExp,jmh579@cornell.edu,SC_RNA_03,C07,4577,19A0374,228,20,Experimental,Kernel
SweetCornRNAseqExp,jmh579@cornell.edu,SC_RNA_03,D07,4577,19A0272,234,20,Experimental,Kernel
SweetCornRNAseqExp,jmh579@cornell.edu,SC_RNA_03,E07,4577,19A0409,238,20,Experimental,Kernel
SweetCornRNAseqExp,jmh579@cornell.edu,SC_RNA_03,F07,4577,19A0310,212,20,Experimental,Kernel
SweetCornRNAseqExp,jmh579@cornell.edu,SC_RNA_03,G07,4577,19A0143,231,20,Experimental,Kernel
SweetCornRNAseqExp,jmh579@cornell.edu,SC_RNA_03,H07,4577,Pos_Control,200,20,Pos_Control,Kernel
SweetCornRNAseqExp,jmh579@cornell.edu,SC_RNA_03,A08,4577,19A0415,200,20,Experimental,Kernel
SweetCornRNAseqExp,jmh579@cornell.edu,SC_RNA_03,B08,4577,19A0056,208,20,Experimental,Kernel
SweetCornRNAseqExp,jmh579@cornell.edu,SC_RNA_03,C08,4577,Pos_Control,200,20,Pos_Control,Kernel
SweetCornRNAseqExp,jmh579@cornell.edu,SC_RNA_03,D08,1,BLANK,0,0,Neg_Control,NA
SweetCornRNAseqExp,jmh579@cornell.edu,SC_RNA_03,E08,4577,19A0040,216,20,Experimental,Kernel
SweetCornRNAseqExp,jmh579@cornell.edu,SC_RNA_03,F08,4577,19A0320,206,20,Experimental,Kernel
SweetCornRNAseqExp,jmh579@cornell.edu,SC_RNA_03,G08,4577,19A0051,213,20,Experimental,Kernel
SweetCornRNAseqExp,jmh579@cornell.edu,SC_RNA_03,H08,4577,19A0290,210,20,Experimental,Kernel
SweetCornRNAseqExp,jmh579@cornell.edu,SC_RNA_03,A09,4577,19A0426,220,20,Experimental,Kernel
SweetCornRNAseqExp,jmh579@cornell.edu,SC_RNA_03,B09,4577,19A0044,236,20,Experimental,Kernel
SweetCornRNAseqExp,jmh579@cornell.edu,SC_RNA_03,C09,4577,19A0216,217,20,Experimental,Kernel
SweetCornRNAseqExp,jmh579@cornell.edu,SC_RNA_03,D09,4577,19A0047,217,20,Experimental,Kernel
SweetCornRNAseqExp,jmh579@cornell.edu,SC_RNA_03,E09,4577,19A0323,214,20,Experimental,Kernel
SweetCornRNAseqExp,jmh579@cornell.edu,SC_RNA_03,F09,4577,19A0114,238,20,Experimental,Kernel
SweetCornRNAseqExp,jmh579@cornell.edu,SC_RNA_03,G09,4577,19A0257,196,20,Experimental,Kernel
SweetCornRNAseqExp,jmh579@cornell.edu,SC_RNA_03,H09,4577,19A0002,223,20,Experimental,Kernel
SweetCornRNAseqExp,jmh579@cornell.edu,SC_RNA_03,A10,4577,19A0381,212,20,Experimental,Kernel
SweetCornRNAseqExp,jmh579@cornell.edu,SC_RNA_03,B10,4577,19A0293,210,20,Experimental,Kernel
SweetCornRNAseqExp,jmh579@cornell.edu,SC_RNA_03,C10,4577,19A0033,224,20,Experimental,Kernel
SweetCornRNAseqExp,jmh579@cornell.edu,SC_RNA_03,D10,4577,19A0441,229,20,Experimental,Kernel
SweetCornRNAseqExp,jmh579@cornell.edu,SC_RNA_03,E10,4577,19A0129,222,20,Experimental,Kernel
SweetCornRNAseqExp,jmh579@cornell.edu,SC_RNA_03,F10,4577,19A0297,237,20,Experimental,Kernel
SweetCornRNAseqExp,jmh579@cornell.edu,SC_RNA_03,G10,4577,19A0206,218,20,Experimental,Kernel
SweetCornRNAseqExp,jmh579@cornell.edu,SC_RNA_03,H10,4577,19A0218,215,20,Experimental,Kernel
SweetCornRNAseqExp,jmh579@cornell.edu,SC_RNA_03,A11,4577,19A0106,224,20,Experimental,Kernel
SweetCornRNAseqExp,jmh579@cornell.edu,SC_RNA_03,B11,4577,19A0021,235,20,Experimental,Kernel
SweetCornRNAseqExp,jmh579@cornell.edu,SC_RNA_03,C11,4577,19A0124,206,20,Experimental,Kernel
SweetCornRNAseqExp,jmh579@cornell.edu,SC_RNA_03,D11,4577,19A0013,210,20,Experimental,Kernel
SweetCornRNAseqExp,jmh579@cornell.edu,SC_RNA_03,E11,4577,19A0084,216,20,Experimental,Kernel
SweetCornRNAseqExp,jmh579@cornell.edu,SC_RNA_03,F11,1,Neg_Control,0,20,Neg_Control,NA
SweetCornRNAseqExp,jmh579@cornell.edu,SC_RNA_03,G11,4577,19A0083,228,20,Experimental,Kernel
SweetCornRNAseqExp,jmh579@cornell.edu,SC_RNA_03,H11,4577,19A0371,208,20,Experimental,Kernel
SweetCornRNAseqExp,jmh579@cornell.edu,SC_RNA_03,A12,4577,19A0336,228,20,Experimental,Kernel
SweetCornRNAseqExp,jmh579@cornell.edu,SC_RNA_03,B12,4577,19A0111,234,20,Experimental,Kernel
SweetCornRNAseqExp,jmh579@cornell.edu,SC_RNA_03,C12,4577,19A0005,216,20,Experimental,Kernel
SweetCornRNAseqExp,jmh579@cornell.edu,SC_RNA_03,D12,4577,19A0101,205,20,Experimental,Kernel
SweetCornRNAseqExp,jmh579@cornell.edu,SC_RNA_03,E12,4577,19A0388,223,20,Experimental,Kernel
SweetCornRNAseqExp,jmh579@cornell.edu,SC_RNA_03,F12,4577,19A0304,201,20,Experimental,Kernel
SweetCornRNAseqExp,jmh579@cornell.edu,SC_RNA_03,G12,4577,19A0242,211,20,Experimental,Kernel
SweetCornRNAseqExp,jmh579@cornell.edu,SC_RNA_03,H12,4577,19A0029,206,20,Experimental,Kernel
SweetCornRNAseqExp,jmh579@cornell.edu,SC_RNA_04,A01,4577,19A0244,211,20,Experimental,Kernel
SweetCornRNAseqExp,jmh579@cornell.edu,SC_RNA_04,B01,4577,19A0036,243,20,Experimental,Kernel
SweetCornRNAseqExp,jmh579@cornell.edu,SC_RNA_04,C01,4577,19A0191,202,20,Experimental,Kernel
SweetCornRNAseqExp,jmh579@cornell.edu,SC_RNA_04,D01,4577,19A0121,220,20,Experimental,Kernel
SweetCornRNAseqExp,jmh579@cornell.edu,SC_RNA_04,E01,4577,19A0311,210,20,Experimental,Kernel
SweetCornRNAseqExp,jmh579@cornell.edu,SC_RNA_04,F01,1,Neg_Control,0,20,Neg_Control,NA
SweetCornRNAseqExp,jmh579@cornell.edu,SC_RNA_04,G01,4577,19A0200,243,20,Experimental,Kernel
SweetCornRNAseqExp,jmh579@cornell.edu,SC_RNA_04,H01,4577,19A0157,212,20,Experimental,Kernel
SweetCornRNAseqExp,jmh579@cornell.edu,SC_RNA_04,A02,4577,19A0132,204,20,Experimental,Kernel
SweetCornRNAseqExp,jmh579@cornell.edu,SC_RNA_04,B02,4577,19A0087,201,20,Experimental,Kernel
SweetCornRNAseqExp,jmh579@cornell.edu,SC_RNA_04,C02,4577,19A0142,207,20,Experimental,Kernel
SweetCornRNAseqExp,jmh579@cornell.edu,SC_RNA_04,D02,4577,19A0065,200,20,Experimental,Kernel
SweetCornRNAseqExp,jmh579@cornell.edu,SC_RNA_04,E02,4577,19A0144,207,20,Experimental,Kernel
SweetCornRNAseqExp,jmh579@cornell.edu,SC_RNA_04,F02,4577,19A0117,256,20,Experimental,Kernel
SweetCornRNAseqExp,jmh579@cornell.edu,SC_RNA_04,G02,4577,19A0125,240,20,Experimental,Kernel
SweetCornRNAseqExp,jmh579@cornell.edu,SC_RNA_04,H02,4577,Pos_Control,200,20,Pos_Control,Kernel
SweetCornRNAseqExp,jmh579@cornell.edu,SC_RNA_04,A03,4577,19A0119,215,20,Experimental,Kernel
SweetCornRNAseqExp,jmh579@cornell.edu,SC_RNA_04,B03,4577,Pos_Control,200,20,Pos_Control,Kernel
SweetCornRNAseqExp,jmh579@cornell.edu,SC_RNA_04,C03,4577,19A0328,241,20,Experimental,Kernel
SweetCornRNAseqExp,jmh579@cornell.edu,SC_RNA_04,D03,4577,19A0411,217,20,Experimental,Kernel
SweetCornRNAseqExp,jmh579@cornell.edu,SC_RNA_04,E03,4577,19A0461,208,20,Experimental,Kernel
SweetCornRNAseqExp,jmh579@cornell.edu,SC_RNA_04,F03,4577,19A0453,213,20,Experimental,Kernel
SweetCornRNAseqExp,jmh579@cornell.edu,SC_RNA_04,G03,4577,19A0190,256,20,Experimental,Kernel
SweetCornRNAseqExp,jmh579@cornell.edu,SC_RNA_04,H03,4577,19A0329,211,20,Experimental,Kernel
SweetCornRNAseqExp,jmh579@cornell.edu,SC_RNA_04,A04,4577,19A0251,229,20,Experimental,Kernel
SweetCornRNAseqExp,jmh579@cornell.edu,SC_RNA_04,B04,4577,19A0054,208,20,Experimental,Kernel
SweetCornRNAseqExp,jmh579@cornell.edu,SC_RNA_04,C04,4577,19A0342,205,20,Experimental,Kernel
SweetCornRNAseqExp,jmh579@cornell.edu,SC_RNA_04,D04,4577,19A0266,240,20,Experimental,Kernel
SweetCornRNAseqExp,jmh579@cornell.edu,SC_RNA_04,E04,4577,19A0288,210,20,Experimental,Kernel
SweetCornRNAseqExp,jmh579@cornell.edu,SC_RNA_04,F04,4577,19A0234,208,20,Experimental,Kernel
SweetCornRNAseqExp,jmh579@cornell.edu,SC_RNA_04,G04,4577,19A0386,214,20,Experimental,Kernel
SweetCornRNAseqExp,jmh579@cornell.edu,SC_RNA_04,H04,4577,19A0151,221,20,Experimental,Kernel
SweetCornRNAseqExp,jmh579@cornell.edu,SC_RNA_04,A05,4577,19A0215,221,20,Experimental,Kernel
SweetCornRNAseqExp,jmh579@cornell.edu,SC_RNA_04,B05,4577,19A0431,224,20,Experimental,Kernel
SweetCornRNAseqExp,jmh579@cornell.edu,SC_RNA_04,C05,4577,19A0067,204,20,Experimental,Kernel
SweetCornRNAseqExp,jmh579@cornell.edu,SC_RNA_04,D05,4577,19A0150,230,20,Experimental,Kernel
SweetCornRNAseqExp,jmh579@cornell.edu,SC_RNA_04,E05,4577,19A0268,236,20,Experimental,Kernel
SweetCornRNAseqExp,jmh579@cornell.edu,SC_RNA_04,F05,4577,19A0412,204,20,Experimental,Kernel
SweetCornRNAseqExp,jmh579@cornell.edu,SC_RNA_04,G05,4577,19A0186,212,20,Experimental,Kernel
SweetCornRNAseqExp,jmh579@cornell.edu,SC_RNA_04,H05,4577,19A0163,211,20,Experimental,Kernel
SweetCornRNAseqExp,jmh579@cornell.edu,SC_RNA_04,A06,4577,19A0016,220,20,Experimental,Kernel
SweetCornRNAseqExp,jmh579@cornell.edu,SC_RNA_04,B06,4577,19A0096,236,20,Experimental,Kernel
SweetCornRNAseqExp,jmh579@cornell.edu,SC_RNA_04,C06,4577,19A0380,232,20,Experimental,Kernel
SweetCornRNAseqExp,jmh579@cornell.edu,SC_RNA_04,D06,4577,19A0199,200,20,Experimental,Kernel
SweetCornRNAseqExp,jmh579@cornell.edu,SC_RNA_04,E06,4577,19A0180,200,20,Experimental,Kernel
SweetCornRNAseqExp,jmh579@cornell.edu,SC_RNA_04,F06,4577,19A0181,203,20,Experimental,Kernel
SweetCornRNAseqExp,jmh579@cornell.edu,SC_RNA_04,G06,4577,19A0399,279,20,Experimental,Kernel
SweetCornRNAseqExp,jmh579@cornell.edu,SC_RNA_04,H06,4577,19A0128,213,20,Experimental,Kernel
SweetCornRNAseqExp,jmh579@cornell.edu,SC_RNA_04,A07,4577,19A0347,203,20,Experimental,Kernel
SweetCornRNAseqExp,jmh579@cornell.edu,SC_RNA_04,B07,4577,19A0082,220,20,Experimental,Kernel
SweetCornRNAseqExp,jmh579@cornell.edu,SC_RNA_04,C07,4577,19A0175,229,20,Experimental,Kernel
SweetCornRNAseqExp,jmh579@cornell.edu,SC_RNA_04,D07,1,BLANK,0,0,Neg_Control,NA
SweetCornRNAseqExp,jmh579@cornell.edu,SC_RNA_04,E07,4577,19A0248,200,20,Experimental,Kernel
SweetCornRNAseqExp,jmh579@cornell.edu,SC_RNA_04,F07,4577,19A0292,224,20,Experimental,Kernel
SweetCornRNAseqExp,jmh579@cornell.edu,SC_RNA_04,G07,4577,19A0352,216,20,Experimental,Kernel
SweetCornRNAseqExp,jmh579@cornell.edu,SC_RNA_04,H07,4577,19A0256,220,20,Experimental,Kernel
SweetCornRNAseqExp,jmh579@cornell.edu,SC_RNA_04,A08,4577,19A0170,265,20,Experimental,Kernel
SweetCornRNAseqExp,jmh579@cornell.edu,SC_RNA_04,B08,4577,19A0105,203,20,Experimental,Kernel
SweetCornRNAseqExp,jmh579@cornell.edu,SC_RNA_04,C08,4577,19A0340,222,20,Experimental,Kernel
SweetCornRNAseqExp,jmh579@cornell.edu,SC_RNA_04,D08,4577,19A0237,223,20,Experimental,Kernel
SweetCornRNAseqExp,jmh579@cornell.edu,SC_RNA_04,E08,4577,19A0332,215,20,Experimental,Kernel
SweetCornRNAseqExp,jmh579@cornell.edu,SC_RNA_04,F08,4577,19A0209,248,20,Experimental,Kernel
SweetCornRNAseqExp,jmh579@cornell.edu,SC_RNA_04,G08,4577,19A0066,212,20,Experimental,Kernel
SweetCornRNAseqExp,jmh579@cornell.edu,SC_RNA_04,H08,4577,19A0420,202,20,Experimental,Kernel
SweetCornRNAseqExp,jmh579@cornell.edu,SC_RNA_04,A09,4577,19A0432,226,20,Experimental,Kernel
SweetCornRNAseqExp,jmh579@cornell.edu,SC_RNA_04,B09,4577,19A0164,288,20,Experimental,Kernel
SweetCornRNAseqExp,jmh579@cornell.edu,SC_RNA_04,C09,4577,19A0034,231,20,Experimental,Kernel
SweetCornRNAseqExp,jmh579@cornell.edu,SC_RNA_04,D09,4577,19A0235,201,20,Experimental,Kernel
SweetCornRNAseqExp,jmh579@cornell.edu,SC_RNA_04,E09,4577,19A0174,253,20,Experimental,Kernel
SweetCornRNAseqExp,jmh579@cornell.edu,SC_RNA_04,F09,4577,19A0281,207,20,Experimental,Kernel
SweetCornRNAseqExp,jmh579@cornell.edu,SC_RNA_04,G09,4577,19A0314,218,20,Experimental,Kernel
SweetCornRNAseqExp,jmh579@cornell.edu,SC_RNA_04,H09,4577,19A0158,215,20,Experimental,Kernel
SweetCornRNAseqExp,jmh579@cornell.edu,SC_RNA_04,A10,4577,19A0277,229,20,Experimental,Kernel
SweetCornRNAseqExp,jmh579@cornell.edu,SC_RNA_04,B10,4577,19A0075,256,20,Experimental,Kernel
SweetCornRNAseqExp,jmh579@cornell.edu,SC_RNA_04,C10,4577,19A0250,262,20,Experimental,Kernel
SweetCornRNAseqExp,jmh579@cornell.edu,SC_RNA_04,D10,4577,19A0270,204,20,Experimental,Kernel
SweetCornRNAseqExp,jmh579@cornell.edu,SC_RNA_04,E10,4577,19A0228,213,20,Experimental,Kernel
SweetCornRNAseqExp,jmh579@cornell.edu,SC_RNA_04,F10,4577,19A0212,276,20,Experimental,Kernel
SweetCornRNAseqExp,jmh579@cornell.edu,SC_RNA_04,G10,4577,19A0413,206,20,Experimental,Kernel
SweetCornRNAseqExp,jmh579@cornell.edu,SC_RNA_04,H10,4577,19A0401,211,20,Experimental,Kernel
SweetCornRNAseqExp,jmh579@cornell.edu,SC_RNA_04,A11,4577,19A0095,216,20,Experimental,Kernel
SweetCornRNAseqExp,jmh579@cornell.edu,SC_RNA_04,B11,4577,19A0098,225,20,Experimental,Kernel
SweetCornRNAseqExp,jmh579@cornell.edu,SC_RNA_04,C11,4577,19A0137,209,20,Experimental,Kernel
SweetCornRNAseqExp,jmh579@cornell.edu,SC_RNA_04,D11,4577,19A0278,202,20,Experimental,Kernel
SweetCornRNAseqExp,jmh579@cornell.edu,SC_RNA_04,E11,4577,19A0092,221,20,Experimental,Kernel
SweetCornRNAseqExp,jmh579@cornell.edu,SC_RNA_04,F11,4577,19A0156,209,20,Experimental,Kernel
SweetCornRNAseqExp,jmh579@cornell.edu,SC_RNA_04,G11,4577,19A0445,224,20,Experimental,Kernel
SweetCornRNAseqExp,jmh579@cornell.edu,SC_RNA_04,H11,4577,19A0339,226,20,Experimental,Kernel
SweetCornRNAseqExp,jmh579@cornell.edu,SC_RNA_04,A12,4577,19A0319,220,20,Experimental,Kernel
SweetCornRNAseqExp,jmh579@cornell.edu,SC_RNA_04,B12,4577,19A0241,213,20,Experimental,Kernel
SweetCornRNAseqExp,jmh579@cornell.edu,SC_RNA_04,C12,4577,19A0233,202,20,Experimental,Kernel
SweetCornRNAseqExp,jmh579@cornell.edu,SC_RNA_04,D12,4577,19A0284,236,20,Experimental,Kernel
SweetCornRNAseqExp,jmh579@cornell.edu,SC_RNA_04,E12,4577,19A0168,267,20,Experimental,Kernel
SweetCornRNAseqExp,jmh579@cornell.edu,SC_RNA_04,F12,4577,19A0239,216,20,Experimental,Kernel
SweetCornRNAseqExp,jmh579@cornell.edu,SC_RNA_04,G12,4577,19A0372,201,20,Experimental,Kernel
SweetCornRNAseqExp,jmh579@cornell.edu,SC_RNA_04,H12,4577,19A0177,202,20,Experimental,Kernel
SweetCornRNAseqExp,jmh579@cornell.edu,SC_RNA_05,A01,4577,19A0245,217,20,Experimental,Kernel
SweetCornRNAseqExp,jmh579@cornell.edu,SC_RNA_05,B01,4577,19A0238,218,20,Experimental,Kernel
SweetCornRNAseqExp,jmh579@cornell.edu,SC_RNA_05,C01,4577,19A0187,216,20,Experimental,Kernel
SweetCornRNAseqExp,jmh579@cornell.edu,SC_RNA_05,D01,4577,19A0167,207,20,Experimental,Kernel
SweetCornRNAseqExp,jmh579@cornell.edu,SC_RNA_05,E01,4577,19A0019,222,20,Experimental,Kernel
SweetCornRNAseqExp,jmh579@cornell.edu,SC_RNA_05,F01,4577,19A0424,214,20,Experimental,Kernel
SweetCornRNAseqExp,jmh579@cornell.edu,SC_RNA_05,G01,4577,19A0140,211,20,Experimental,Kernel
SweetCornRNAseqExp,jmh579@cornell.edu,SC_RNA_05,H01,4577,19A0003,249,20,Experimental,Kernel
SweetCornRNAseqExp,jmh579@cornell.edu,SC_RNA_05,A02,4577,19A0060,229,20,Experimental,Kernel
SweetCornRNAseqExp,jmh579@cornell.edu,SC_RNA_05,B02,4577,19A0375,205,20,Experimental,Kernel
SweetCornRNAseqExp,jmh579@cornell.edu,SC_RNA_05,C02,4577,19A0402,210,20,Experimental,Kernel
SweetCornRNAseqExp,jmh579@cornell.edu,SC_RNA_05,D02,4577,19A0391,232,20,Experimental,Kernel
SweetCornRNAseqExp,jmh579@cornell.edu,SC_RNA_05,E02,4577,19A0071,202,20,Experimental,Kernel
SweetCornRNAseqExp,jmh579@cornell.edu,SC_RNA_05,F02,4577,19A0045,229,20,Experimental,Kernel
SweetCornRNAseqExp,jmh579@cornell.edu,SC_RNA_05,G02,4577,19A0452,227,20,Experimental,Kernel
SweetCornRNAseqExp,jmh579@cornell.edu,SC_RNA_05,H02,4577,19A0362,215,20,Experimental,Kernel
SweetCornRNAseqExp,jmh579@cornell.edu,SC_RNA_05,A03,4577,19A0197,206,20,Experimental,Kernel
SweetCornRNAseqExp,jmh579@cornell.edu,SC_RNA_05,B03,4577,19A0322,218,20,Experimental,Kernel
SweetCornRNAseqExp,jmh579@cornell.edu,SC_RNA_05,C03,4577,19A0188,224,20,Experimental,Kernel
SweetCornRNAseqExp,jmh579@cornell.edu,SC_RNA_05,D03,4577,19A0017,234,20,Experimental,Kernel
SweetCornRNAseqExp,jmh579@cornell.edu,SC_RNA_05,E03,4577,19A0373,223,20,Experimental,Kernel
SweetCornRNAseqExp,jmh579@cornell.edu,SC_RNA_05,F03,4577,19A0383,214,20,Experimental,Kernel
SweetCornRNAseqExp,jmh579@cornell.edu,SC_RNA_05,G03,4577,19A0145,204,20,Experimental,Kernel
SweetCornRNAseqExp,jmh579@cornell.edu,SC_RNA_05,H03,4577,19A0351,247,20,Experimental,Kernel
SweetCornRNAseqExp,jmh579@cornell.edu,SC_RNA_05,A04,4577,19A0004,222,20,Experimental,Kernel
SweetCornRNAseqExp,jmh579@cornell.edu,SC_RNA_05,B04,4577,19A0405,226,20,Experimental,Kernel
SweetCornRNAseqExp,jmh579@cornell.edu,SC_RNA_05,C04,4577,19A0455,209,20,Experimental,Kernel
SweetCornRNAseqExp,jmh579@cornell.edu,SC_RNA_05,D04,4577,19A0217,223,20,Experimental,Kernel
SweetCornRNAseqExp,jmh579@cornell.edu,SC_RNA_05,E04,4577,19A0214,200,20,Experimental,Kernel
SweetCornRNAseqExp,jmh579@cornell.edu,SC_RNA_05,F04,4577,19A0285,210,20,Experimental,Kernel
SweetCornRNAseqExp,jmh579@cornell.edu,SC_RNA_05,G04,1,BLANK,0,0,Neg_Control,NA
SweetCornRNAseqExp,jmh579@cornell.edu,SC_RNA_05,H04,4577,Pos_Control,200,20,Pos_Control,Kernel
SweetCornRNAseqExp,jmh579@cornell.edu,SC_RNA_05,A05,4577,19A0264,212,20,Experimental,Kernel
SweetCornRNAseqExp,jmh579@cornell.edu,SC_RNA_05,B05,4577,19A0052,227,20,Experimental,Kernel
SweetCornRNAseqExp,jmh579@cornell.edu,SC_RNA_05,C05,4577,19A0030,203,20,Experimental,Kernel
SweetCornRNAseqExp,jmh579@cornell.edu,SC_RNA_05,D05,4577,19A0260,208,20,Experimental,Kernel
SweetCornRNAseqExp,jmh579@cornell.edu,SC_RNA_05,E05,4577,19A0038,234,20,Experimental,Kernel
SweetCornRNAseqExp,jmh579@cornell.edu,SC_RNA_05,F05,4577,19A0324,213,20,Experimental,Kernel
SweetCornRNAseqExp,jmh579@cornell.edu,SC_RNA_05,G05,4577,19A0043,225,20,Experimental,Kernel
SweetCornRNAseqExp,jmh579@cornell.edu,SC_RNA_05,H05,4577,19A0155,227,20,Experimental,Kernel
SweetCornRNAseqExp,jmh579@cornell.edu,SC_RNA_05,A06,4577,19A0291,223,20,Experimental,Kernel
SweetCornRNAseqExp,jmh579@cornell.edu,SC_RNA_05,B06,4577,19A0317,200,20,Experimental,Kernel
SweetCornRNAseqExp,jmh579@cornell.edu,SC_RNA_05,C06,4577,19A0073,208,20,Experimental,Kernel
SweetCornRNAseqExp,jmh579@cornell.edu,SC_RNA_05,D06,4577,19A0436,209,20,Experimental,Kernel
SweetCornRNAseqExp,jmh579@cornell.edu,SC_RNA_05,E06,4577,19A0282,216,20,Experimental,Kernel
SweetCornRNAseqExp,jmh579@cornell.edu,SC_RNA_05,F06,4577,19A0460,275,20,Experimental,Kernel
SweetCornRNAseqExp,jmh579@cornell.edu,SC_RNA_05,G06,4577,19A0208,234,20,Experimental,Kernel
SweetCornRNAseqExp,jmh579@cornell.edu,SC_RNA_05,H06,4577,19A0338,218,20,Experimental,Kernel
SweetCornRNAseqExp,jmh579@cornell.edu,SC_RNA_05,A07,4577,19A0407,262,20,Experimental,Kernel
SweetCornRNAseqExp,jmh579@cornell.edu,SC_RNA_05,B07,4577,19A0048,207,20,Experimental,Kernel
SweetCornRNAseqExp,jmh579@cornell.edu,SC_RNA_05,C07,4577,19A0011,235,20,Experimental,Kernel
SweetCornRNAseqExp,jmh579@cornell.edu,SC_RNA_05,D07,4577,19A0308,227,20,Experimental,Kernel
SweetCornRNAseqExp,jmh579@cornell.edu,SC_RNA_05,E07,4577,19A0001,263,20,Experimental,Kernel
SweetCornRNAseqExp,jmh579@cornell.edu,SC_RNA_05,F07,4577,19A0307,232,20,Experimental,Kernel
SweetCornRNAseqExp,jmh579@cornell.edu,SC_RNA_05,G07,4577,19A0396,225,20,Experimental,Kernel
SweetCornRNAseqExp,jmh579@cornell.edu,SC_RNA_05,H07,4577,19A0459,233,20,Experimental,Kernel
SweetCornRNAseqExp,jmh579@cornell.edu,SC_RNA_05,A08,4577,19A0152,212,20,Experimental,Kernel
SweetCornRNAseqExp,jmh579@cornell.edu,SC_RNA_05,B08,1,Neg_Control,0,20,Neg_Control,NA
SweetCornRNAseqExp,jmh579@cornell.edu,SC_RNA_05,C08,4577,19A0451,243,20,Experimental,Kernel
SweetCornRNAseqExp,jmh579@cornell.edu,SC_RNA_05,D08,4577,19A0120,227,20,Experimental,Kernel
SweetCornRNAseqExp,jmh579@cornell.edu,SC_RNA_05,E08,4577,19A0130,208,20,Experimental,Kernel
SweetCornRNAseqExp,jmh579@cornell.edu,SC_RNA_05,F08,4577,19A0429,218,20,Experimental,Kernel
SweetCornRNAseqExp,jmh579@cornell.edu,SC_RNA_05,G08,4577,19A0166,212,20,Experimental,Kernel
SweetCornRNAseqExp,jmh579@cornell.edu,SC_RNA_05,H08,4577,Pos_Control,200,20,Pos_Control,Kernel
SweetCornRNAseqExp,jmh579@cornell.edu,SC_RNA_05,A09,4577,19A0263,217,20,Experimental,Kernel
SweetCornRNAseqExp,jmh579@cornell.edu,SC_RNA_05,B09,4577,19A0064,232,20,Experimental,Kernel
SweetCornRNAseqExp,jmh579@cornell.edu,SC_RNA_05,C09,4577,19A0363,231,20,Experimental,Kernel
SweetCornRNAseqExp,jmh579@cornell.edu,SC_RNA_05,D09,4577,19A0377,235,20,Experimental,Kernel
SweetCornRNAseqExp,jmh579@cornell.edu,SC_RNA_05,E09,4577,19A0097,223,20,Experimental,Kernel
SweetCornRNAseqExp,jmh579@cornell.edu,SC_RNA_05,F09,4577,19A0385,219,20,Experimental,Kernel
SweetCornRNAseqExp,jmh579@cornell.edu,SC_RNA_05,G09,4577,19A0417,231,20,Experimental,Kernel
SweetCornRNAseqExp,jmh579@cornell.edu,SC_RNA_05,H09,4577,19A0416,212,20,Experimental,Kernel
SweetCornRNAseqExp,jmh579@cornell.edu,SC_RNA_05,A10,4577,19A0275,222,20,Experimental,Kernel
SweetCornRNAseqExp,jmh579@cornell.edu,SC_RNA_05,B10,4577,19A0135,226,20,Experimental,Kernel