project_name,user_email,plate_name,well,ncbi_tax_id,sample_name,concentration_ng_ul,volume_ul,experimental_condition,tissue_type,accession_name,plot_number,block_number,is_a_control,rep_number,range_number,row_number,col_number,seedlot_name,num_seed_per_plot,weight_gram_seed_per_plot
SweetCornRNAseqExp,jmh579@cornell.edu,SC_RNA_01,A01,4577,19A0205,203,20,Experimental,Kernel,P14,205,10,0,1,2,7,19,17A0342,12,10
SweetCornRNAseqExp,jmh579@cornell.edu,SC_RNA_01,B01,4577,19A0303,214,20,Experimental,Kernel,fill_c2,303,14,1,1,2,6,28,17A0140,12,10
SweetCornRNAseqExp,jmh579@cornell.edu,SC_RNA_01,C01,4577,19A0202,226,20,Experimental,Kernel,P39M96,202,10,0,1,2,4,19,17A0248,12,10
SweetCornRNAseqExp,jmh579@cornell.edu,SC_RNA_01,D01,4577,19A0240,214,20,Experimental,Kernel,Ma32,240,11,0,1,2,3,22,17A0219,12,10
SweetCornRNAseqExp,jmh579@cornell.edu,SC_RNA_01,E01,4577,19A0366,209,20,Experimental,Kernel,CHECK4,366,17,1,1,3,9,34,17A0610,12,10
SweetCornRNAseqExp,jmh579@cornell.edu,SC_RNA_01,F01,4577,19A0210,226,20,Experimental,Kernel,S43,210,10,0,1,2,11,20,17A0260,12,10
SweetCornRNAseqExp,jmh579@cornell.edu,SC_RNA_01,G01,4577,19A0148,202,20,Experimental,Kernel,CHECK2,148,7,1,1,1,7,14,17A0140,12,10
SweetCornRNAseqExp,jmh579@cornell.edu,SC_RNA_01,H01,4577,19A0369,218,20,Experimental,Kernel,P35,369,17,0,1,3,6,34,17A0622,12,10
SweetCornRNAseqExp,jmh579@cornell.edu,SC_RNA_01,A02,4577,19A0133,224,20,Experimental,Kernel,We09402,133,7,0,1,1,1,13,14:41210,12,10
SweetCornRNAseqExp,jmh579@cornell.edu,SC_RNA_01,B02,4577,19A0410,257,20,Experimental,Kernel,AS11,410,19,0,1,3,9,38,17A0627,12,10
SweetCornRNAseqExp,jmh579@cornell.edu,SC_RNA_01,C02,4577,19A0231,220,20,Experimental,Kernel,CHECK2,231,11,1,1,2,11,21,17A0140,12,10
SweetCornRNAseqExp,jmh579@cornell.edu,SC_RNA_01,D02,4577,19A0262,203,20,Experimental,Kernel,fill_c3,262,12,1,1,2,3,24,17A0632,12,10
SweetCornRNAseqExp,jmh579@cornell.edu,SC_RNA_01,E02,4577,19A0192,220,20,Experimental,Kernel,IL125b,192,9,0,1,2,7,18,17A0191,12,10
SweetCornRNAseqExp,jmh579@cornell.edu,SC_RNA_01,F02,4577,19A0024,210,20,Experimental,Kernel,P39LE-261,24,2,0,1,1,2,3,17A0135,12,10
SweetCornRNAseqExp,jmh579@cornell.edu,SC_RNA_01,G02,4577,19A0382,219,20,Experimental,Kernel,IL395a,382,18,0,1,3,8,35,17A0511,12,10
SweetCornRNAseqExp,jmh579@cornell.edu,SC_RNA_01,H02,4577,19A0359,245,20,Experimental,Kernel,304A,359,17,0,1,3,7,33,17A0626,12,10
SweetCornRNAseqExp,jmh579@cornell.edu,SC_RNA_01,A03,4577,19A0301,204,20,Experimental,Kernel,IL793a,301,14,0,1,2,8,28,17A0241,12,10
SweetCornRNAseqExp,jmh579@cornell.edu,SC_RNA_01,B03,4577,19A0355,239,20,Experimental,Kernel,ILB6011,355,17,0,1,3,3,33,17A0553,12,10
SweetCornRNAseqExp,jmh579@cornell.edu,SC_RNA_01,C03,4577,19A0146,228,20,Experimental,Kernel,Wuh09150i,146,7,0,1,1,9,14,16A2251,12,10
SweetCornRNAseqExp,jmh579@cornell.edu,SC_RNA_01,D03,4577,19A0078,216,20,Experimental,Kernel,W5579,78,4,0,1,1,11,8,17A0302,12,10
SweetCornRNAseqExp,jmh579@cornell.edu,SC_RNA_01,E03,4577,19A0364,214,20,Experimental,Kernel,Il677a,364,17,0,1,3,11,34,17A0541,12,10
SweetCornRNAseqExp,jmh579@cornell.edu,SC_RNA_01,F03,4577,19A0213,224,20,Experimental,Kernel,Ma2402,213,10,0,1,2,8,20,3.563888889,12,10
SweetCornRNAseqExp,jmh579@cornell.edu,SC_RNA_01,G03,4577,19A0327,230,20,Experimental,Kernel,R839,327,15,0,1,2,4,30,17A0205,12,10
SweetCornRNAseqExp,jmh579@cornell.edu,SC_RNA_01,H03,4577,19A0280,221,20,Experimental,Kernel,B5765,280,13,0,1,2,7,26,17A0361,12,10
SweetCornRNAseqExp,jmh579@cornell.edu,SC_RNA_01,A04,4577,19A0039,209,20,Experimental,Kernel,Wh98063,39,2,0,1,1,6,4,17A0124,12,10
SweetCornRNAseqExp,jmh579@cornell.edu,SC_RNA_01,B04,1,Neg_Control,0,20,Neg_Control,NA,NA,NA,NA,NA,NA,NA,NA,NA,NA,NA,NA
SweetCornRNAseqExp,jmh579@cornell.edu,SC_RNA_01,C04,1,BLANK,0,0,Neg_Control,NA,NA,NA,NA,NA,NA,NA,NA,NA,NA,NA,NA
SweetCornRNAseqExp,jmh579@cornell.edu,SC_RNA_01,D04,4577,19A0334,238,20,Experimental,Kernel,CHECK2,334,16,1,1,2,4,31,17A0140,12,10
SweetCornRNAseqExp,jmh579@cornell.edu,SC_RNA_01,E04,4577,19A0222,205,20,Experimental,Kernel,fill_c3,222,11,1,1,2,2,21,17A0632,12,10
SweetCornRNAseqExp,jmh579@cornell.edu,SC_RNA_01,F04,4577,19A0122,215,20,Experimental,Kernel,Me2rt,122,6,0,1,1,11,12,17A0710,12,10
SweetCornRNAseqExp,jmh579@cornell.edu,SC_RNA_01,G04,4577,19A0422,208,20,Experimental,Kernel,257A9,422,20,0,1,3,4,39,14:32375,12,10
SweetCornRNAseqExp,jmh579@cornell.edu,SC_RNA_01,H04,4577,19A0331,262,20,Experimental,Kernel,IL761a,331,16,0,1,2,1,31,17A0291,12,10
SweetCornRNAseqExp,jmh579@cornell.edu,SC_RNA_01,A05,4577,19A0265,215,20,Experimental,Kernel,CHECK3,265,13,1,1,2,1,25,17A0632,12,10
SweetCornRNAseqExp,jmh579@cornell.edu,SC_RNA_01,B05,4577,19A0112,230,20,Experimental,Kernel,Wh9261,112,6,0,1,1,2,11,15A0042,12,10
SweetCornRNAseqExp,jmh579@cornell.edu,SC_RNA_01,C05,4577,19A0224,221,20,Experimental,Kernel,W6728,224,11,0,1,2,4,21,17A0321,12,10
SweetCornRNAseqExp,jmh579@cornell.edu,SC_RNA_01,D05,4577,Pos_Control,200,20,Pos_Control,Kernel,NA,NA,NA,NA,NA,NA,NA,NA,NA,NA,NA
SweetCornRNAseqExp,jmh579@cornell.edu,SC_RNA_01,E05,4577,19A0110,218,20,Experimental,Kernel,Wh10216V,110,5,0,1,1,1,10,17A0780,12,10
SweetCornRNAseqExp,jmh579@cornell.edu,SC_RNA_01,F05,4577,19A0207,226,20,Experimental,Kernel,We10401,207,10,0,1,2,9,19,17A0265,12,10
SweetCornRNAseqExp,jmh579@cornell.edu,SC_RNA_01,G05,4577,19A0010,204,20,Experimental,Kernel,Wh10035R,10,1,0,1,1,10,1,16A1070,12,10
SweetCornRNAseqExp,jmh579@cornell.edu,SC_RNA_01,H05,4577,19A0450,230,20,Experimental,Kernel,W6714,450,21,0,1,3,10,41,17A0507,12,10
SweetCornRNAseqExp,jmh579@cornell.edu,SC_RNA_01,A06,4577,19A0008,229,20,Experimental,Kernel,VIA5492,8,1,0,1,1,8,1,17A0777,12,10
SweetCornRNAseqExp,jmh579@cornell.edu,SC_RNA_01,B06,4577,19A0356,223,20,Experimental,Kernel,IL515a,356,17,0,1,3,4,33,17A0490,12,10
SweetCornRNAseqExp,jmh579@cornell.edu,SC_RNA_01,C06,4577,19A0406,237,20,Experimental,Kernel,IL796a,406,19,0,1,3,10,37,17A0633,12,10
SweetCornRNAseqExp,jmh579@cornell.edu,SC_RNA_01,D06,4577,19A0243,217,20,Experimental,Kernel,Wh09137R,243,12,0,1,2,1,23,17A0305,12,10
SweetCornRNAseqExp,jmh579@cornell.edu,SC_RNA_01,E06,4577,19A0425,217,20,Experimental,Kernel,IL103a,425,20,0,1,3,7,39,17A0482,12,10
SweetCornRNAseqExp,jmh579@cornell.edu,SC_RNA_01,F06,4577,19A0448,208,20,Experimental,Kernel,IL545,448,21,0,1,3,8,41,17A0496,12,10
SweetCornRNAseqExp,jmh579@cornell.edu,SC_RNA_01,G06,4577,19A0289,212,20,Experimental,Kernel,IL713a,289,14,0,1,2,3,27,17A0293,12,10
SweetCornRNAseqExp,jmh579@cornell.edu,SC_RNA_01,H06,4577,19A0236,230,20,Experimental,Kernel,Ia45-1,236,11,0,1,2,7,22,17A0328,12,10
SweetCornRNAseqExp,jmh579@cornell.edu,SC_RNA_01,A07,4577,19A0050,215,20,Experimental,Kernel,Wh96011,50,3,0,1,1,6,5,17a1332,12,10
SweetCornRNAseqExp,jmh579@cornell.edu,SC_RNA_01,B07,4577,19A0219,216,20,Experimental,Kernel,W6786,219,10,0,1,2,2,20,17A0212,12,10
SweetCornRNAseqExp,jmh579@cornell.edu,SC_RNA_01,C07,4577,19A0115,262,20,Experimental,Kernel,ILB5870,115,6,0,1,1,5,11,17A0752,12,10
SweetCornRNAseqExp,jmh579@cornell.edu,SC_RNA_01,D07,4577,19A0343,215,20,Experimental,Kernel,We05410,343,16,0,1,2,10,32,16A2189,12,10
SweetCornRNAseqExp,jmh579@cornell.edu,SC_RNA_01,E07,4577,19A0384,217,20,Experimental,Kernel,IL11D,384,18,0,1,3,10,35,17A0609,12,10
SweetCornRNAseqExp,jmh579@cornell.edu,SC_RNA_01,F07,4577,Pos_Control,200,20,Pos_Control,Kernel,NA,NA,NA,NA,NA,NA,NA,NA,NA,NA,NA
SweetCornRNAseqExp,jmh579@cornell.edu,SC_RNA_01,G07,4577,19A0171,255,20,Experimental,Kernel,Ia2132,171,8,0,1,2,6,16,17A0403,12,10
SweetCornRNAseqExp,jmh579@cornell.edu,SC_RNA_01,H07,4577,19A0259,202,20,Experimental,Kernel,CHECK2,259,12,1,1,2,6,24,17A0140,12,10
SweetCornRNAseqExp,jmh579@cornell.edu,SC_RNA_01,A08,4577,19A0261,210,20,Experimental,Kernel,Wuh09191i,261,12,0,1,2,4,24,6.405555556,12,10
SweetCornRNAseqExp,jmh579@cornell.edu,SC_RNA_01,B08,4577,19A0032,209,20,Experimental,Kernel,We09413,32,2,0,1,1,10,3,17A0153,12,10
SweetCornRNAseqExp,jmh579@cornell.edu,SC_RNA_01,C08,4577,19A0232,204,20,Experimental,Kernel,IL673a,232,11,0,1,2,11,22,17A0228,12,10
SweetCornRNAseqExp,jmh579@cornell.edu,SC_RNA_01,D08,4577,19A0246,220,20,Experimental,Kernel,Il14H,246,12,0,1,2,4,23,17A0313,12,10
SweetCornRNAseqExp,jmh579@cornell.edu,SC_RNA_01,E08,4577,19A0458,231,20,Experimental,Kernel,Wh92047,458,21,0,1,3,5,42,2.245833333,12,10
SweetCornRNAseqExp,jmh579@cornell.edu,SC_RNA_01,F08,4577,19A0294,207,20,Experimental,Kernel,MDM-15,294,14,0,1,2,8,27,17A0329,12,10
SweetCornRNAseqExp,jmh579@cornell.edu,SC_RNA_01,G08,4577,19A0462,255,20,Experimental,Kernel,IL765a,462,21,0,1,3,1,42,17A0526,12,10
SweetCornRNAseqExp,jmh579@cornell.edu,SC_RNA_01,H08,4577,19A0337,231,20,Experimental,Kernel,fill_c2,337,16,1,1,2,7,31,17A0140,12,10
SweetCornRNAseqExp,jmh579@cornell.edu,SC_RNA_01,A09,4577,19A0194,215,20,Experimental,Kernel,IL661a,194,9,0,1,2,5,18,17A0451,12,10
SweetCornRNAseqExp,jmh579@cornell.edu,SC_RNA_01,B09,4577,19A0220,207,20,Experimental,Kernel,Wh10110R,220,10,0,1,2,1,20,17A0438,12,10
SweetCornRNAseqExp,jmh579@cornell.edu,SC_RNA_01,C09,4577,19A0449,219,20,Experimental,Kernel,IL14b,449,21,0,1,3,9,41,17A0582,12,10
SweetCornRNAseqExp,jmh579@cornell.edu,SC_RNA_01,D09,4577,19A0318,218,20,Experimental,Kernel,Wh00050,318,15,0,1,2,10,29,17A0311,12,10
SweetCornRNAseqExp,jmh579@cornell.edu,SC_RNA_01,E09,4577,19A0440,212,20,Experimental,Kernel,MDM-16,440,20,0,1,3,1,40,17A0492,12,10
SweetCornRNAseqExp,jmh579@cornell.edu,SC_RNA_01,F09,4577,19A0305,242,20,Experimental,Kernel,IL773a,305,14,0,1,2,4,28,17A0356,12,10
SweetCornRNAseqExp,jmh579@cornell.edu,SC_RNA_01,G09,4577,19A0035,212,20,Experimental,Kernel,Wu04401,35,2,0,1,1,10,4,17A0136,12,10
SweetCornRNAseqExp,jmh579@cornell.edu,SC_RNA_01,H09,4577,19A0203,213,20,Experimental,Kernel,V775,203,10,0,1,2,5,19,17A0431,12,10
SweetCornRNAseqExp,jmh579@cornell.edu,SC_RNA_01,A10,4577,19A0400,240,20,Experimental,Kernel,IL86e,400,19,0,1,3,4,37,17A0630,12,10
SweetCornRNAseqExp,jmh579@cornell.edu,SC_RNA_01,B10,4577,19A0179,203,20,Experimental,Kernel,IL451b,179,9,0,1,2,3,17,17A0423,12,10
SweetCornRNAseqExp,jmh579@cornell.edu,SC_RNA_01,C10,4577,19A0099,210,20,Experimental,Kernel,We02406,99,5,0,1,1,11,9,16A2347,12,10
SweetCornRNAseqExp,jmh579@cornell.edu,SC_RNA_01,D10,4577,19A0457,227,20,Experimental,Kernel,IL775a,457,21,0,1,3,6,42,17A0629,12,10
SweetCornRNAseqExp,jmh579@cornell.edu,SC_RNA_01,E10,4577,19A0398,217,20,Experimental,Kernel,IL465a,398,19,0,1,3,2,37,3.425694444,12,10
SweetCornRNAseqExp,jmh579@cornell.edu,SC_RNA_01,F10,4577,19A0353,216,20,Experimental,Kernel,IaEV3002,353,17,0,1,3,1,33,17A0560,12,10
SweetCornRNAseqExp,jmh579@cornell.edu,SC_RNA_01,G10,4577,19A0042,210,20,Experimental,Kernel,C6A,42,2,0,1,1,3,4,15A0126,12,10
SweetCornRNAseqExp,jmh579@cornell.edu,SC_RNA_01,H10,4577,19A0134,260,20,Experimental,Kernel,C8p,134,7,0,1,1,2,13,17A2056,12,10
SweetCornRNAseqExp,jmh579@cornell.edu,SC_RNA_01,A11,4577,19A0041,228,20,Experimental,Kernel,LUTHER HILL,41,2,0,1,1,4,4,17A0079,12,10
SweetCornRNAseqExp,jmh579@cornell.edu,SC_RNA_01,B11,4577,19A0326,206,20,Experimental,Kernel,C7e,326,15,0,1,2,5,30,17A2063,12,10
SweetCornRNAseqExp,jmh579@cornell.edu,SC_RNA_01,C11,4577,19A0193,223,20,Experimental,Kernel,IL678a,193,9,0,1,2,6,18,17A0390,12,10
SweetCornRNAseqExp,jmh579@cornell.edu,SC_RNA_01,D11,4577,19A0309,246,20,Experimental,Kernel,fill_c2,309,15,1,1,2,1,29,17A0140,12,10
SweetCornRNAseqExp,jmh579@cornell.edu,SC_RNA_01,E11,4577,19A0271,236,20,Experimental,Kernel,fill_c2,271,13,1,1,2,7,25,17A0140,12,10
SweetCornRNAseqExp,jmh579@cornell.edu,SC_RNA_01,F11,4577,19A0172,211,20,Experimental,Kernel,P51B,172,8,0,1,2,5,16,17A0333,12,10
SweetCornRNAseqExp,jmh579@cornell.edu,SC_RNA_01,G11,4577,19A0419,237,20,Experimental,Kernel,T35,419,20,0,1,3,1,39,17A0589,12,10
SweetCornRNAseqExp,jmh579@cornell.edu,SC_RNA_01,H11,4577,19A0037,217,20,Experimental,Kernel,G8,37,2,0,1,1,8,4,17A0022,12,10
SweetCornRNAseqExp,jmh579@cornell.edu,SC_RNA_01,A12,4577,19A0225,234,20,Experimental,Kernel,MDM-12,225,11,0,1,2,5,21,17A0427,12,10
SweetCornRNAseqExp,jmh579@cornell.edu,SC_RNA_01,B12,4577,19A0195,212,20,Experimental,Kernel,Wh98044,195,9,0,1,2,4,18,17A0295,12,10
SweetCornRNAseqExp,jmh579@cornell.edu,SC_RNA_01,C12,4577,19A0223,229,20,Experimental,Kernel,Ia4189,223,11,0,1,2,3,21,17A0429,12,10
SweetCornRNAseqExp,jmh579@cornell.edu,SC_RNA_01,D12,4577,19A0379,245,20,Experimental,Kernel,CHECK4,379,18,1,1,3,5,35,17A0610,12,10
SweetCornRNAseqExp,jmh579@cornell.edu,SC_RNA_01,E12,4577,19A0198,239,20,Experimental,Kernel,Wuh09174i,198,9,0,1,2,1,18,17A0409,12,10
SweetCornRNAseqExp,jmh579@cornell.edu,SC_RNA_01,F12,4577,19A0185,236,20,Experimental,Kernel,EP62,185,9,0,1,2,9,17,17A0211,12,10
SweetCornRNAseqExp,jmh579@cornell.edu,SC_RNA_01,G12,4577,19A0325,231,20,Experimental,Kernel,IP39,325,15,0,1,2,6,30,17A0351,12,10
SweetCornRNAseqExp,jmh579@cornell.edu,SC_RNA_01,H12,4577,19A0306,230,20,Experimental,Kernel,W5552,306,14,0,1,2,3,28,17A0325,12,10
SweetCornRNAseqExp,jmh579@cornell.edu,SC_RNA_02,A01,4577,19A0086,210,20,Experimental,Kernel,CHECK2,86,4,1,1,1,3,8,17A0140,12,10
SweetCornRNAseqExp,jmh579@cornell.edu,SC_RNA_02,B01,4577,19A0079,223,20,Experimental,Kernel,We08414a,79,4,0,1,1,10,8,17A0125,12,10
SweetCornRNAseqExp,jmh579@cornell.edu,SC_RNA_02,C01,4577,19A0433,255,20,Experimental,Kernel,I45,433,20,0,1,3,8,40,17A0515,12,10
SweetCornRNAseqExp,jmh579@cornell.edu,SC_RNA_02,D01,4577,19A0070,228,20,Experimental,Kernel,Ia2076,70,4,0,1,1,4,7,17A0128,12,10
SweetCornRNAseqExp,jmh579@cornell.edu,SC_RNA_02,E01,4577,19A0428,156,20,Experimental,Kernel,T24,428,20,0,1,3,10,39,17A0481,12,10
SweetCornRNAseqExp,jmh579@cornell.edu,SC_RNA_02,F01,4577,19A0333,210,20,Experimental,Kernel,Wh05066a,333,16,0,1,2,3,31,17A0418,12,10
SweetCornRNAseqExp,jmh579@cornell.edu,SC_RNA_02,G01,4577,19A0312,214,20,Experimental,Kernel,C31,312,15,0,1,2,4,29,17A2164,12,10
SweetCornRNAseqExp,jmh579@cornell.edu,SC_RNA_02,H01,4577,19A0438,297,20,Experimental,Kernel,MDM-9,438,20,0,1,3,3,40,17A0509,12,10
SweetCornRNAseqExp,jmh579@cornell.edu,SC_RNA_02,A02,4577,19A0370,216,20,Experimental,Kernel,IaEV191,370,17,0,1,3,5,34,17A0506,12,10
SweetCornRNAseqExp,jmh579@cornell.edu,SC_RNA_02,B02,4577,19A0273,214,20,Experimental,Kernel,P39a,273,13,0,1,2,9,25,17A0251,12,10
SweetCornRNAseqExp,jmh579@cornell.edu,SC_RNA_02,C02,4577,19A0059,220,20,Experimental,Kernel,W6462,59,3,0,1,1,8,6,17A0020,12,10
SweetCornRNAseqExp,jmh579@cornell.edu,SC_RNA_02,D02,4577,19A0139,224,20,Experimental,Kernel,Wh93017,139,7,0,1,1,7,13,17A0127,12,10
SweetCornRNAseqExp,jmh579@cornell.edu,SC_RNA_02,E02,4577,19A0360,221,20,Experimental,Kernel,EP85,360,17,0,1,3,8,33,17A0602,12,10
SweetCornRNAseqExp,jmh579@cornell.edu,SC_RNA_02,F02,4577,19A0365,212,20,Experimental,Kernel,IL729a,365,17,0,1,3,10,34,17A0594,12,10
SweetCornRNAseqExp,jmh579@cornell.edu,SC_RNA_02,G02,4577,19A0439,287,20,Experimental,Kernel,Wh10046R,439,20,0,1,3,2,40,17A0518,12,10
SweetCornRNAseqExp,jmh579@cornell.edu,SC_RNA_02,H02,4577,19A0367,214,20,Experimental,Kernel,IL31a,367,17,0,1,3,8,34,17A0522,12,10
SweetCornRNAseqExp,jmh579@cornell.edu,SC_RNA_02,A03,4577,19A0423,221,20,Experimental,Kernel,CHECK4,423,20,1,1,3,5,39,17A0610,12,10
SweetCornRNAseqExp,jmh579@cornell.edu,SC_RNA_02,B03,4577,19A0103,223,20,Experimental,Kernel,Wh00051,103,5,0,1,1,8,10,17A0101,12,10
SweetCornRNAseqExp,jmh579@cornell.edu,SC_RNA_02,C03,4577,Pos_Control,200,20,Pos_Control,Kernel,NA,NA,NA,NA,NA,NA,NA,NA,NA,NA,NA
SweetCornRNAseqExp,jmh579@cornell.edu,SC_RNA_02,D03,4577,19A0403,208,20,Experimental,Kernel,fill_c4,403,19,1,1,3,7,37,17A0610,12,10
SweetCornRNAseqExp,jmh579@cornell.edu,SC_RNA_02,E03,4577,19A0252,213,20,Experimental,Kernel,IL671a,252,12,0,1,2,10,23,17A0413,12,10
SweetCornRNAseqExp,jmh579@cornell.edu,SC_RNA_02,F03,4577,19A0296,232,20,Experimental,Kernel,CHECK3,296,14,1,1,2,10,27,17A0632,12,10
SweetCornRNAseqExp,jmh579@cornell.edu,SC_RNA_02,G03,4577,19A0395,220,20,Experimental,Kernel,Wu99811,395,18,0,1,3,2,36,17A0616,12,10
SweetCornRNAseqExp,jmh579@cornell.edu,SC_RNA_02,H03,4577,19A0267,201,20,Experimental,Kernel,W3647,267,13,0,1,2,3,25,17A0400,12,10
SweetCornRNAseqExp,jmh579@cornell.edu,SC_RNA_02,A04,4577,19A0447,212,20,Experimental,Kernel,CHECK4,447,21,1,1,3,7,41,17A0610,12,10
SweetCornRNAseqExp,jmh579@cornell.edu,SC_RNA_02,B04,4577,19A0300,209,20,Experimental,Kernel,Wh09009,300,14,0,1,2,9,28,17A0263,12,10
SweetCornRNAseqExp,jmh579@cornell.edu,SC_RNA_02,C04,4577,19A0227,222,20,Experimental,Kernel,IL615a,227,11,0,1,2,7,21,17A0348,12,10
SweetCornRNAseqExp,jmh579@cornell.edu,SC_RNA_02,D04,4577,19A0049,202,20,Experimental,Kernel,W1736,49,3,0,1,1,5,5,17A0297,12,10
SweetCornRNAseqExp,jmh579@cornell.edu,SC_RNA_02,E04,4577,19A0118,204,20,Experimental,Kernel,CHECK2,118,6,1,1,1,8,11,17A0140,12,10
SweetCornRNAseqExp,jmh579@cornell.edu,SC_RNA_02,F04,4577,19A0113,222,20,Experimental,Kernel,fill_c2,113,6,1,1,1,3,11,17A0140,12,10
SweetCornRNAseqExp,jmh579@cornell.edu,SC_RNA_02,G04,4577,19A0020,221,20,Experimental,Kernel,fill_c2,20,1,1,1,1,3,2,17A0140,12,10
SweetCornRNAseqExp,jmh579@cornell.edu,SC_RNA_02,H04,4577,19A0131,225,20,Experimental,Kernel,We01407,131,6,0,1,1,2,12,17A1470,12,10
SweetCornRNAseqExp,jmh579@cornell.edu,SC_RNA_02,A05,4577,19A0247,232,20,Experimental,Kernel,CHECK3,247,12,1,1,2,5,23,17A0632,12,10
SweetCornRNAseqExp,jmh579@cornell.edu,SC_RNA_02,B05,4577,19A0378,237,20,Experimental,Kernel,EP58,378,18,0,1,3,4,35,17A0499,12,10
SweetCornRNAseqExp,jmh579@cornell.edu,SC_RNA_02,C05,4577,19A0053,237,20,Experimental,Kernel,C2,53,3,0,1,1,9,5,17A0144,12,10
SweetCornRNAseqExp,jmh579@cornell.edu,SC_RNA_02,D05,4577,19A0287,233,20,Experimental,Kernel,C22,287,14,0,1,2,1,27,17A0199,12,10
SweetCornRNAseqExp,jmh579@cornell.edu,SC_RNA_02,E05,4577,19A0392,203,20,Experimental,Kernel,Ia2730,392,18,0,1,3,5,36,17A0517,12,10
SweetCornRNAseqExp,jmh579@cornell.edu,SC_RNA_02,F05,4577,19A0229,241,20,Experimental,Kernel,EP83,229,11,0,1,2,9,21,17A0446,12,10
SweetCornRNAseqExp,jmh579@cornell.edu,SC_RNA_02,G05,4577,19A0153,258,20,Experimental,Kernel,fill_c2,153,7,1,1,1,2,14,17A0140,12,10
SweetCornRNAseqExp,jmh579@cornell.edu,SC_RNA_02,H05,4577,19A0126,256,20,Experimental,Kernel,CHECK1,126,6,1,1,1,7,12,17A088,12,10
SweetCornRNAseqExp,jmh579@cornell.edu,SC_RNA_02,A06,4577,19A0162,209,20,Experimental,Kernel,P51,162,8,0,1,2,8,15,17A0271,12,10
SweetCornRNAseqExp,jmh579@cornell.edu,SC_RNA_02,B06,4577,19A0346,258,20,Experimental,Kernel,R853,346,16,0,1,2,7,32,17A0319,12,10
SweetCornRNAseqExp,jmh579@cornell.edu,SC_RNA_02,C06,4577,19A0123,206,20,Experimental,Kernel,Wh93006,123,6,0,1,1,10,12,17A0164,12,10
SweetCornRNAseqExp,jmh579@cornell.edu,SC_RNA_02,D06,4577,19A0349,233,20,Experimental,Kernel,Wh09068,349,16,0,1,2,4,32,17A0421,12,10
SweetCornRNAseqExp,jmh579@cornell.edu,SC_RNA_02,E06,4577,19A0302,219,20,Experimental,Kernel,Wu00802,302,14,0,1,2,7,28,17A0363,12,10
SweetCornRNAseqExp,jmh579@cornell.edu,SC_RNA_02,F06,4577,19A0376,207,20,Experimental,Kernel,IL733a,376,18,0,1,3,2,35,17A0487,12,10
SweetCornRNAseqExp,jmh579@cornell.edu,SC_RNA_02,G06,4577,19A0072,209,20,Experimental,Kernel,SD277,72,4,0,1,1,6,7,14:32365,12,10
SweetCornRNAseqExp,jmh579@cornell.edu,SC_RNA_02,H06,4577,19A0018,209,20,Experimental,Kernel,Wuh07481i,18,1,0,1,1,5,2,17A0161,12,10
SweetCornRNAseqExp,jmh579@cornell.edu,SC_RNA_02,A07,4577,19A0069,205,20,Experimental,Kernel,M23,69,4,0,1,1,3,7,17A0122,12,10
SweetCornRNAseqExp,jmh579@cornell.edu,SC_RNA_02,B07,4577,19A0091,204,20,Experimental,Kernel,C4,91,5,0,1,1,3,9,17A0015,12,10
SweetCornRNAseqExp,jmh579@cornell.edu,SC_RNA_02,C07,4577,19A0094,225,20,Experimental,Kernel,Wuh07466i,94,5,0,1,1,6,9,16A2244,12,10
SweetCornRNAseqExp,jmh579@cornell.edu,SC_RNA_02,D07,4577,19A0178,233,20,Experimental,Kernel,Ia5125,178,9,0,1,2,2,17,17A0221,12,10
SweetCornRNAseqExp,jmh579@cornell.edu,SC_RNA_02,E07,4577,19A0007,246,20,Experimental,Kernel,Wuh07413i,7,1,0,1,1,7,1,17A0035,12,10
SweetCornRNAseqExp,jmh579@cornell.edu,SC_RNA_02,F07,4577,19A0147,229,20,Experimental,Kernel,Wuh09149i,147,7,0,1,1,8,14,17A0129,12,10
SweetCornRNAseqExp,jmh579@cornell.edu,SC_RNA_02,G07,4577,19A0249,223,20,Experimental,Kernel,C23,249,12,0,1,2,7,23,17A0273,12,10
SweetCornRNAseqExp,jmh579@cornell.edu,SC_RNA_02,H07,4577,19A0348,217,20,Experimental,Kernel,T20,348,16,0,1,2,5,32,17A0320,12,10
SweetCornRNAseqExp,jmh579@cornell.edu,SC_RNA_02,A08,4577,19A0080,264,20,Experimental,Kernel,Wuh09164i,80,4,0,1,1,9,8,17A0173,12,10
SweetCornRNAseqExp,jmh579@cornell.edu,SC_RNA_02,B08,4577,19A0211,202,20,Experimental,Kernel,Wuh98032,211,10,0,1,2,10,20,16A2256,12,10
SweetCornRNAseqExp,jmh579@cornell.edu,SC_RNA_02,C08,4577,19A0081,234,20,Experimental,Kernel,C38,81,4,0,1,1,8,8,17A0040,12,10
SweetCornRNAseqExp,jmh579@cornell.edu,SC_RNA_02,D08,4577,19A0154,239,20,Experimental,Kernel,We03418a,154,7,0,1,1,1,14,17A0055,12,10
SweetCornRNAseqExp,jmh579@cornell.edu,SC_RNA_02,E08,4577,19A0109,205,20,Experimental,Kernel,Wh10231V,109,5,0,1,1,2,10,16A2226,12,10
SweetCornRNAseqExp,jmh579@cornell.edu,SC_RNA_02,F08,4577,19A0390,220,20,Experimental,Kernel,Wh01001,390,18,0,1,3,7,36,17A0628,12,10
SweetCornRNAseqExp,jmh579@cornell.edu,SC_RNA_02,G08,1,BLANK,0,0,Neg_Control,NA,NA,NA,NA,NA,NA,NA,NA,NA,NA,NA,NA
SweetCornRNAseqExp,jmh579@cornell.edu,SC_RNA_02,H08,4577,19A0090,218,20,Experimental,Kernel,Wh07020a,90,5,0,1,1,2,9,17A0081,12,10
SweetCornRNAseqExp,jmh579@cornell.edu,SC_RNA_02,A09,4577,19A0173,201,20,Experimental,Kernel,IL789b,173,8,0,1,2,4,16,17A0425,12,10
SweetCornRNAseqExp,jmh579@cornell.edu,SC_RNA_02,B09,4577,19A0159,245,20,Experimental,Kernel,NJ112,159,8,0,1,2,5,15,17A0257,12,10
SweetCornRNAseqExp,jmh579@cornell.edu,SC_RNA_02,C09,4577,19A0093,230,20,Experimental,Kernel,Ma83608,93,5,0,1,1,5,9,15A0058,12,10
SweetCornRNAseqExp,jmh579@cornell.edu,SC_RNA_02,D09,4577,19A0295,249,20,Experimental,Kernel,CHECK2,295,14,1,1,2,9,27,17A0140,12,10
SweetCornRNAseqExp,jmh579@cornell.edu,SC_RNA_02,E09,4577,19A0149,215,20,Experimental,Kernel,CHECK1,149,7,1,1,1,6,14,17A088,12,10
SweetCornRNAseqExp,jmh579@cornell.edu,SC_RNA_02,F09,4577,19A0015,215,20,Experimental,Kernel,C30,15,1,0,1,1,8,2,17A0023,12,10
SweetCornRNAseqExp,jmh579@cornell.edu,SC_RNA_02,G09,4577,19A0009,204,20,Experimental,Kernel,CHECK2,9,1,1,1,1,9,1,17A0140,12,10
SweetCornRNAseqExp,jmh579@cornell.edu,SC_RNA_02,H09,4577,19A0387,216,20,Experimental,Kernel,83610b,387,18,0,1,3,10,36,17A0588,12,10
SweetCornRNAseqExp,jmh579@cornell.edu,SC_RNA_02,A10,4577,19A0357,211,20,Experimental,Kernel,fill_c3,357,17,1,1,3,5,33,17A0632,12,10
SweetCornRNAseqExp,jmh579@cornell.edu,SC_RNA_02,B10,4577,19A0076,205,20,Experimental,Kernel,Wh09061,76,4,0,1,1,10,7,17A0759,12,10
SweetCornRNAseqExp,jmh579@cornell.edu,SC_RNA_02,C10,4577,19A0182,208,20,Experimental,Kernel,IL607a,182,9,0,1,2,6,17,17A0229,12,10
SweetCornRNAseqExp,jmh579@cornell.edu,SC_RNA_02,D10,4577,19A0088,229,20,Experimental,Kernel,Wh10140R,88,4,0,1,1,1,8,17A0059,12,10
SweetCornRNAseqExp,jmh579@cornell.edu,SC_RNA_02,E10,4577,19A0138,220,20,Experimental,Kernel,We08408,138,7,0,1,1,6,13,17A0106,12,10
SweetCornRNAseqExp,jmh579@cornell.edu,SC_RNA_02,F10,4577,19A0456,211,20,Experimental,Kernel,IL323a,456,21,0,1,3,7,42,17A0611,12,10
SweetCornRNAseqExp,jmh579@cornell.edu,SC_RNA_02,G10,4577,19A0299,238,20,Experimental,Kernel,Wu99823,299,14,0,1,2,10,28,17A0183,12,10
SweetCornRNAseqExp,jmh579@cornell.edu,SC_RNA_02,H10,4577,19A0169,202,20,Experimental,Kernel,Wh08091,169,8,0,1,2,8,16,14A0583,12,10
SweetCornRNAseqExp,jmh579@cornell.edu,SC_RNA_02,A11,4577,19A0358,235,20,Experimental,Kernel,IL766a,358,17,0,1,3,6,33,17A0469,12,10
SweetCornRNAseqExp,jmh579@cornell.edu,SC_RNA_02,B11,4577,Pos_Control,200,20,Pos_Control,Kernel,NA,NA,NA,NA,NA,NA,NA,NA,NA,NA,NA
SweetCornRNAseqExp,jmh579@cornell.edu,SC_RNA_02,C11,4577,19A0230,239,20,Experimental,Kernel,fill_c3,230,11,1,1,2,10,21,17A0632,12,10
SweetCornRNAseqExp,jmh579@cornell.edu,SC_RNA_02,D11,4577,19A0335,243,20,Experimental,Kernel,NJ618,335,16,0,1,2,5,31,15A0044,12,10
SweetCornRNAseqExp,jmh579@cornell.edu,SC_RNA_02,E11,1,Neg_Control,0,20,Neg_Control,NA,NA,NA,NA,NA,NA,NA,NA,NA,NA,NA,NA
SweetCornRNAseqExp,jmh579@cornell.edu,SC_RNA_02,F11,4577,19A0055,217,20,Experimental,Kernel,SD592,55,3,0,1,1,11,5,17A0064,12,10
SweetCornRNAseqExp,jmh579@cornell.edu,SC_RNA_02,G11,4577,19A0418,201,20,Experimental,Kernel,IL618b,418,19,0,1,3,1,38,17A0607,12,10
SweetCornRNAseqExp,jmh579@cornell.edu,SC_RNA_02,H11,4577,19A0313,208,20,Experimental,Kernel,Wh05051,313,15,0,1,2,5,29,17A0287,12,10
SweetCornRNAseqExp,jmh579@cornell.edu,SC_RNA_02,A12,4577,19A0298,214,20,Experimental,Kernel,C7,298,14,0,1,2,11,28,17A0317,12,10
SweetCornRNAseqExp,jmh579@cornell.edu,SC_RNA_02,B12,4577,19A0394,205,20,Experimental,Kernel,CHECK3,394,18,1,1,3,3,36,17A0632,12,10
SweetCornRNAseqExp,jmh579@cornell.edu,SC_RNA_02,C12,4577,19A0430,229,20,Experimental,Kernel,IL112t,430,20,0,1,3,11,40,17A0532,12,10
SweetCornRNAseqExp,jmh579@cornell.edu,SC_RNA_02,D12,4577,19A0316,214,20,Experimental,Kernel,B5870,316,15,0,1,2,8,29,17A0323,12,10
SweetCornRNAseqExp,jmh579@cornell.edu,SC_RNA_02,E12,4577,19A0393,229,20,Experimental,Kernel,IL699e,393,18,0,1,3,4,36,17A0621,12,10
SweetCornRNAseqExp,jmh579@cornell.edu,SC_RNA_02,F12,4577,19A0454,233,20,Experimental,Kernel,GTS1,454,21,0,1,3,9,42,17A0574,12,10
SweetCornRNAseqExp,jmh579@cornell.edu,SC_RNA_02,G12,4577,19A0421,201,20,Experimental,Kernel,C65,421,20,0,1,3,3,39,17A0479,12,10
SweetCornRNAseqExp,jmh579@cornell.edu,SC_RNA_02,H12,4577,19A0176,221,20,Experimental,Kernel,C40,176,8,0,1,2,1,16,17A0308,12,10
SweetCornRNAseqExp,jmh579@cornell.edu,SC_RNA_03,A01,4577,19A0074,261,20,Experimental,Kernel,W3742,74,4,0,1,1,8,7,17A0131,12,10
SweetCornRNAseqExp,jmh579@cornell.edu,SC_RNA_03,B01,4577,19A0077,221,20,Experimental,Kernel,Wh00033,77,4,0,1,1,11,7,17A1335,12,10
SweetCornRNAseqExp,jmh579@cornell.edu,SC_RNA_03,C01,4577,19A0160,220,20,Experimental,Kernel,IL797a,160,8,0,1,2,6,15,17A0231,12,10
SweetCornRNAseqExp,jmh579@cornell.edu,SC_RNA_03,D01,4577,19A0012,220,20,Experimental,Kernel,Wuh07182i,12,1,0,1,1,11,2,17A0142,12,10
SweetCornRNAseqExp,jmh579@cornell.edu,SC_RNA_03,E01,4577,19A0286,226,20,Experimental,Kernel,fill_c3,286,13,1,1,2,1,26,17A0632,12,10
SweetCornRNAseqExp,jmh579@cornell.edu,SC_RNA_03,F01,4577,19A0435,211,20,Experimental,Kernel,IL104g,435,20,0,1,3,6,40,17A0555,12,10
SweetCornRNAseqExp,jmh579@cornell.edu,SC_RNA_03,G01,4577,19A0344,214,20,Experimental,Kernel,C90,344,16,0,1,2,9,32,3.323611111,12,10
SweetCornRNAseqExp,jmh579@cornell.edu,SC_RNA_03,H01,4577,19A0315,233,20,Experimental,Kernel,IL696a,315,15,0,1,2,7,29,17A0370,12,10
SweetCornRNAseqExp,jmh579@cornell.edu,SC_RNA_03,A02,4577,19A0253,227,20,Experimental,Kernel,IL767b,253,12,0,1,2,11,23,17A0326,12,10
SweetCornRNAseqExp,jmh579@cornell.edu,SC_RNA_03,B02,4577,19A0427,213,20,Experimental,Kernel,C68,427,20,0,1,3,9,39,17A0638,12,10
SweetCornRNAseqExp,jmh579@cornell.edu,SC_RNA_03,C02,4577,19A0046,245,20,Experimental,Kernel,Me244-wb,46,3,0,1,1,2,5,17A0039,12,10
SweetCornRNAseqExp,jmh579@cornell.edu,SC_RNA_03,D02,4577,19A0006,249,20,Experimental,Kernel,SD829,6,1,0,1,1,6,1,14A0196,12,10
SweetCornRNAseqExp,jmh579@cornell.edu,SC_RNA_03,E02,4577,19A0196,213,20,Experimental,Kernel,Wuh09170i,196,9,0,1,2,3,18,17A0282,12,10
SweetCornRNAseqExp,jmh579@cornell.edu,SC_RNA_03,F02,4577,19A0108,248,20,Experimental,Kernel,SD226,108,5,0,1,1,3,10,17A0014,12,10
SweetCornRNAseqExp,jmh579@cornell.edu,SC_RNA_03,G02,4577,19A0345,239,20,Experimental,Kernel,MDM-23,345,16,0,1,2,8,32,17A0458,12,10
SweetCornRNAseqExp,jmh579@cornell.edu,SC_RNA_03,H02,4577,19A0444,213,20,Experimental,Kernel,IL370a,444,21,0,1,3,4,41,17A0547,12,10
SweetCornRNAseqExp,jmh579@cornell.edu,SC_RNA_03,A03,4577,19A0161,205,20,Experimental,Kernel,fill_c2,161,8,1,1,2,7,15,17A0140,12,10
SweetCornRNAseqExp,jmh579@cornell.edu,SC_RNA_03,B03,4577,19A0389,215,20,Experimental,Kernel,IL7,389,18,0,1,3,8,36,17A0606,12,10
SweetCornRNAseqExp,jmh579@cornell.edu,SC_RNA_03,C03,4577,19A0361,221,20,Experimental,Kernel,fill_c3,361,17,1,1,3,9,33,17A0632,12,10
SweetCornRNAseqExp,jmh579@cornell.edu,SC_RNA_03,D03,4577,19A0031,267,20,Experimental,Kernel,Wh10034R,31,2,0,1,1,9,3,17A0082,12,10
SweetCornRNAseqExp,jmh579@cornell.edu,SC_RNA_03,E03,4577,19A0184,200,20,Experimental,Kernel,83612b,184,9,0,1,2,8,17,17A0352,12,10
SweetCornRNAseqExp,jmh579@cornell.edu,SC_RNA_03,F03,4577,19A0350,214,20,Experimental,Kernel,IL453b,350,16,0,1,2,3,32,17A0206,12,10
SweetCornRNAseqExp,jmh579@cornell.edu,SC_RNA_03,G03,4577,19A0258,270,20,Experimental,Kernel,IL1171,258,12,0,1,2,7,24,17A0204,12,10
SweetCornRNAseqExp,jmh579@cornell.edu,SC_RNA_03,H03,4577,19A0028,206,20,Experimental,Kernel,Wuh09153i,28,2,0,1,1,6,3,15A0012,12,10
SweetCornRNAseqExp,jmh579@cornell.edu,SC_RNA_03,A04,4577,19A0397,220,20,Experimental,Kernel,CHECK4,397,19,1,1,3,1,37,17A0610,12,10
SweetCornRNAseqExp,jmh579@cornell.edu,SC_RNA_03,B04,4577,19A0274,216,20,Experimental,Kernel,IL764b,274,13,0,1,2,10,25,17A0396,12,10
SweetCornRNAseqExp,jmh579@cornell.edu,SC_RNA_03,C04,4577,19A0102,218,20,Experimental,Kernel,We05408,102,5,0,1,1,9,10,17A0157,12,10
SweetCornRNAseqExp,jmh579@cornell.edu,SC_RNA_03,D04,4577,19A0027,257,20,Experimental,Kernel,Ia59,27,2,0,1,1,5,3,17A0066,12,10
SweetCornRNAseqExp,jmh579@cornell.edu,SC_RNA_03,E04,4577,19A0354,204,20,Experimental,Kernel,IL778c,354,17,0,1,3,2,33,17A0596,12,10
SweetCornRNAseqExp,jmh579@cornell.edu,SC_RNA_03,F04,4577,19A0058,209,20,Experimental,Kernel,Wh10804R,58,3,0,1,1,9,6,17A0170,12,10
SweetCornRNAseqExp,jmh579@cornell.edu,SC_RNA_03,G04,4577,19A0255,213,20,Experimental,Kernel,MDM-18,255,12,0,1,2,10,24,17A0279,12,10
SweetCornRNAseqExp,jmh579@cornell.edu,SC_RNA_03,H04,4577,19A0442,233,20,Experimental,Kernel,MDM-2,442,21,0,1,3,2,41,16A2328,12,10
SweetCornRNAseqExp,jmh579@cornell.edu,SC_RNA_03,A05,4577,19A0404,202,20,Experimental,Kernel,B73,404,19,0,1,3,8,37,17T0718.2,12,10
SweetCornRNAseqExp,jmh579@cornell.edu,SC_RNA_03,B05,4577,19A0226,235,20,Experimental,Kernel,34f,226,11,0,1,2,6,21,17A0368,12,10
SweetCornRNAseqExp,jmh579@cornell.edu,SC_RNA_03,C05,4577,19A0062,260,20,Experimental,Kernel,Wu04806,62,3,0,1,1,5,6,17A0104,12,10
SweetCornRNAseqExp,jmh579@cornell.edu,SC_RNA_03,D05,4577,19A0183,218,20,Experimental,Kernel,P51xRp1d,183,9,0,1,2,7,17,17A0437,12,10
SweetCornRNAseqExp,jmh579@cornell.edu,SC_RNA_03,E05,4577,19A0026,206,20,Experimental,Kernel,I817,26,2,0,1,1,4,3,17A0156,12,10
SweetCornRNAseqExp,jmh579@cornell.edu,SC_RNA_03,F05,4577,19A0100,205,20,Experimental,Kernel,P39b,100,5,0,1,1,11,10,17A0044,12,10
SweetCornRNAseqExp,jmh579@cornell.edu,SC_RNA_03,G05,4577,19A0022,277,20,Experimental,Kernel,fill_c2,22,1,1,1,1,1,2,17A0140,12,10
SweetCornRNAseqExp,jmh579@cornell.edu,SC_RNA_03,H05,4577,19A0341,211,20,Experimental,Kernel,CHECK3,341,16,1,1,2,11,31,17A0632,12,10
SweetCornRNAseqExp,jmh579@cornell.edu,SC_RNA_03,A06,4577,19A0023,207,20,Experimental,Kernel,MDM-21,23,2,0,1,1,1,3,17A0077,12,10
SweetCornRNAseqExp,jmh579@cornell.edu,SC_RNA_03,B06,4577,19A0025,201,20,Experimental,Kernel,SD789,25,2,0,1,1,3,3,17A0171,12,10
SweetCornRNAseqExp,jmh579@cornell.edu,SC_RNA_03,C06,4577,19A0434,210,20,Experimental,Kernel,IL454a,434,20,0,1,3,7,40,3.425,12,10
SweetCornRNAseqExp,jmh579@cornell.edu,SC_RNA_03,D06,4577,19A0443,214,20,Experimental,Kernel,IL802b,443,21,0,1,3,3,41,17A0631,12,10
SweetCornRNAseqExp,jmh579@cornell.edu,SC_RNA_03,E06,4577,19A0437,212,20,Experimental,Kernel,IL279AxRp1d,437,20,0,1,3,4,40,17A0478,12,10
SweetCornRNAseqExp,jmh579@cornell.edu,SC_RNA_03,F06,4577,19A0201,207,20,Experimental,Kernel,IL751a,201,10,0,1,2,3,19,17A0309,12,10
SweetCornRNAseqExp,jmh579@cornell.edu,SC_RNA_03,G06,4577,19A0107,215,20,Experimental,Kernel,Wuh07183i,107,5,0,1,1,4,10,17A0719,12,10
SweetCornRNAseqExp,jmh579@cornell.edu,SC_RNA_03,H06,4577,19A0414,242,20,Experimental,Kernel,fill_c4,414,19,1,1,3,5,38,17A0610,12,10
SweetCornRNAseqExp,jmh579@cornell.edu,SC_RNA_03,A07,4577,19A0221,223,20,Experimental,Kernel,Wh07165R,221,11,0,1,2,1,21,17A0443,12,10
SweetCornRNAseqExp,jmh579@cornell.edu,SC_RNA_03,B07,4577,19A0089,200,20,Experimental,Kernel,P39Goodman-Buckler,89,5,0,1,1,1,9,17A0085,12,10
SweetCornRNAseqExp,jmh579@cornell.edu,SC_RNA_03,C07,4577,19A0374,228,20,Experimental,Kernel,IL648,374,17,0,1,3,1,34,17A0537,12,10
SweetCornRNAseqExp,jmh579@cornell.edu,SC_RNA_03,D07,4577,19A0272,234,20,Experimental,Kernel,471_U6,272,13,0,1,2,8,25,17A0222,12,10
SweetCornRNAseqExp,jmh579@cornell.edu,SC_RNA_03,E07,4577,19A0409,238,20,Experimental,Kernel,SC1441,409,19,0,1,3,10,38,17A0525,12,10
SweetCornRNAseqExp,jmh579@cornell.edu,SC_RNA_03,F07,4577,19A0310,212,20,Experimental,Kernel,Wuh09183i,310,15,0,1,2,2,29,6.25625,12,10
SweetCornRNAseqExp,jmh579@cornell.edu,SC_RNA_03,G07,4577,19A0143,231,20,Experimental,Kernel,Wh04020a,143,7,0,1,1,11,13,17A0151,12,10
SweetCornRNAseqExp,jmh579@cornell.edu,SC_RNA_03,H07,4577,Pos_Control,200,20,Pos_Control,Kernel,NA,NA,NA,NA,NA,NA,NA,NA,NA,NA,NA
SweetCornRNAseqExp,jmh579@cornell.edu,SC_RNA_03,A08,4577,19A0415,200,20,Experimental,Kernel,T32,415,19,0,1,3,4,38,17A0501,12,10
SweetCornRNAseqExp,jmh579@cornell.edu,SC_RNA_03,B08,4577,19A0056,208,20,Experimental,Kernel,MDM-8,56,3,0,1,1,11,6,17A0012,12,10
SweetCornRNAseqExp,jmh579@cornell.edu,SC_RNA_03,C08,4577,Pos_Control,200,20,Pos_Control,Kernel,NA,NA,NA,NA,NA,NA,NA,NA,NA,NA,NA
SweetCornRNAseqExp,jmh579@cornell.edu,SC_RNA_03,D08,1,BLANK,0,0,Neg_Control,NA,NA,NA,NA,NA,NA,NA,NA,NA,NA,NA,NA
SweetCornRNAseqExp,jmh579@cornell.edu,SC_RNA_03,E08,4577,19A0040,216,20,Experimental,Kernel,Wh07013,40,2,0,1,1,5,4,17A0021,12,10
SweetCornRNAseqExp,jmh579@cornell.edu,SC_RNA_03,F08,4577,19A0320,206,20,Experimental,Kernel,Wuh09098i,320,15,0,1,2,11,30,6.254861111,12,10
SweetCornRNAseqExp,jmh579@cornell.edu,SC_RNA_03,G08,4577,19A0051,213,20,Experimental,Kernel,We08417a,51,3,0,1,1,7,5,17A0043,12,10
SweetCornRNAseqExp,jmh579@cornell.edu,SC_RNA_03,H08,4577,19A0290,210,20,Experimental,Kernel,IL124a,290,14,0,1,2,4,27,17A0331,12,10
SweetCornRNAseqExp,jmh579@cornell.edu,SC_RNA_03,A09,4577,19A0426,220,20,Experimental,Kernel,Wh10113R,426,20,0,1,3,8,39,17A0568,12,10
SweetCornRNAseqExp,jmh579@cornell.edu,SC_RNA_03,B09,4577,19A0044,236,20,Experimental,Kernel,S4,44,2,0,1,1,1,4,17A0460,12,10
SweetCornRNAseqExp,jmh579@cornell.edu,SC_RNA_03,C09,4577,19A0216,217,20,Experimental,Kernel,IL27a,216,10,0,1,2,5,20,15A0379,12,10
SweetCornRNAseqExp,jmh579@cornell.edu,SC_RNA_03,D09,4577,19A0047,217,20,Experimental,Kernel,CHECK2,47,3,1,1,1,3,5,17A0140,12,10
SweetCornRNAseqExp,jmh579@cornell.edu,SC_RNA_03,E09,4577,19A0323,214,20,Experimental,Kernel,A10579,323,15,0,1,2,8,30,17A0203,12,10
SweetCornRNAseqExp,jmh579@cornell.edu,SC_RNA_03,F09,4577,19A0114,238,20,Experimental,Kernel,Me100,114,6,0,1,1,4,11,17A0017,12,10
SweetCornRNAseqExp,jmh579@cornell.edu,SC_RNA_03,G09,4577,19A0257,196,20,Experimental,Kernel,Vineland576,257,12,0,1,2,8,24,16A2177,12,10
SweetCornRNAseqExp,jmh579@cornell.edu,SC_RNA_03,H09,4577,19A0002,223,20,Experimental,Kernel,Wh09033,2,1,0,1,1,2,1,17A0111,12,10
SweetCornRNAseqExp,jmh579@cornell.edu,SC_RNA_03,A10,4577,19A0381,212,20,Experimental,Kernel,Wh10006R,381,18,0,1,3,7,35,17A0531,12,10
SweetCornRNAseqExp,jmh579@cornell.edu,SC_RNA_03,B10,4577,19A0293,210,20,Experimental,Kernel,P39(New),293,14,0,1,2,7,27,17A0449,12,10
SweetCornRNAseqExp,jmh579@cornell.edu,SC_RNA_03,C10,4577,19A0033,224,20,Experimental,Kernel,Me123,33,2,0,1,1,11,3,17A0046,12,10
SweetCornRNAseqExp,jmh579@cornell.edu,SC_RNA_03,D10,4577,19A0441,229,20,Experimental,Kernel,IL14C,441,21,0,1,3,1,41,17A0529,12,10
SweetCornRNAseqExp,jmh579@cornell.edu,SC_RNA_03,E10,4577,19A0129,222,20,Experimental,Kernel,Me135,129,6,0,1,1,4,12,17A0162,12,10
SweetCornRNAseqExp,jmh579@cornell.edu,SC_RNA_03,F10,4577,19A0297,237,20,Experimental,Kernel,R825,297,14,0,1,2,11,27,17A0190,12,10
SweetCornRNAseqExp,jmh579@cornell.edu,SC_RNA_03,G10,4577,19A0206,218,20,Experimental,Kernel,CHECK2,206,10,1,1,2,8,19,17A0140,12,10
SweetCornRNAseqExp,jmh579@cornell.edu,SC_RNA_03,H10,4577,19A0218,215,20,Experimental,Kernel,Wh92054,218,10,0,1,2,3,20,17A0227,12,10
SweetCornRNAseqExp,jmh579@cornell.edu,SC_RNA_03,A11,4577,19A0106,224,20,Experimental,Kernel,If853,106,5,0,1,1,5,10,17A0086,12,10
SweetCornRNAseqExp,jmh579@cornell.edu,SC_RNA_03,B11,4577,19A0021,235,20,Experimental,Kernel,C5,21,1,0,1,1,2,2,17A2072,12,10
SweetCornRNAseqExp,jmh579@cornell.edu,SC_RNA_03,C11,4577,19A0124,206,20,Experimental,Kernel,Wuh09097i,124,6,0,1,1,9,12,17A0143,12,10
SweetCornRNAseqExp,jmh579@cornell.edu,SC_RNA_03,D11,4577,19A0013,210,20,Experimental,Kernel,Wh09141R,13,1,0,1,1,10,2,17A0107,12,10
SweetCornRNAseqExp,jmh579@cornell.edu,SC_RNA_03,E11,4577,19A0084,216,20,Experimental,Kernel,We05401,84,4,0,1,1,5,8,17A1372,12,10
SweetCornRNAseqExp,jmh579@cornell.edu,SC_RNA_03,F11,1,Neg_Control,0,20,Neg_Control,NA,NA,NA,NA,NA,NA,NA,NA,NA,NA,NA,NA
SweetCornRNAseqExp,jmh579@cornell.edu,SC_RNA_03,G11,4577,19A0083,228,20,Experimental,Kernel,GMBAB,83,4,0,1,1,6,8,17A0159,12,10
SweetCornRNAseqExp,jmh579@cornell.edu,SC_RNA_03,H11,4577,19A0371,208,20,Experimental,Kernel,IL328a,371,17,0,1,3,4,34,3.39375,12,10
SweetCornRNAseqExp,jmh579@cornell.edu,SC_RNA_03,A12,4577,19A0336,228,20,Experimental,Kernel,Wh10173V,336,16,0,1,2,6,31,17A0187,12,10
SweetCornRNAseqExp,jmh579@cornell.edu,SC_RNA_03,B12,4577,19A0111,234,20,Experimental,Kernel,Wh08115b,111,6,0,1,1,1,11,17A0067,12,10
SweetCornRNAseqExp,jmh579@cornell.edu,SC_RNA_03,C12,4577,19A0005,216,20,Experimental,Kernel,CHECK1,5,1,1,1,1,5,1,17A088,12,10
SweetCornRNAseqExp,jmh579@cornell.edu,SC_RNA_03,D12,4577,19A0101,205,20,Experimental,Kernel,Wh95016a,101,5,0,1,1,10,10,17A0068,12,10
SweetCornRNAseqExp,jmh579@cornell.edu,SC_RNA_03,E12,4577,19A0388,223,20,Experimental,Kernel,675A,388,18,0,1,3,9,36,17A0620,12,10
SweetCornRNAseqExp,jmh579@cornell.edu,SC_RNA_03,F12,4577,19A0304,201,20,Experimental,Kernel,Ia2003,304,14,0,1,2,5,28,17A0292,12,10
SweetCornRNAseqExp,jmh579@cornell.edu,SC_RNA_03,G12,4577,19A0242,211,20,Experimental,Kernel,MDM-1,242,11,0,1,2,1,22,17A0394,12,10
SweetCornRNAseqExp,jmh579@cornell.edu,SC_RNA_03,H12,4577,19A0029,206,20,Experimental,Kernel,CHECK1,29,2,1,1,1,7,3,17A088,12,10
SweetCornRNAseqExp,jmh579@cornell.edu,SC_RNA_04,A01,4577,19A0244,211,20,Experimental,Kernel,Wuh07177i,244,12,0,1,2,2,23,17A0419,12,10
SweetCornRNAseqExp,jmh579@cornell.edu,SC_RNA_04,B01,4577,19A0036,243,20,Experimental,Kernel,SD469,36,2,0,1,1,9,4,17A0168,12,10
SweetCornRNAseqExp,jmh579@cornell.edu,SC_RNA_04,C01,4577,19A0191,202,20,Experimental,Kernel,IL744a,191,9,0,1,2,8,18,17A0185,12,10
SweetCornRNAseqExp,jmh579@cornell.edu,SC_RNA_04,D01,4577,19A0121,220,20,Experimental,Kernel,fill_c2,121,6,1,1,1,11,11,17A0140,12,10
SweetCornRNAseqExp,jmh579@cornell.edu,SC_RNA_04,E01,4577,19A0311,210,20,Experimental,Kernel,A684su,311,15,0,1,2,3,29,17A0424,12,10
SweetCornRNAseqExp,jmh579@cornell.edu,SC_RNA_04,F01,1,Neg_Control,0,20,Neg_Control,NA,NA,NA,NA,NA,NA,NA,NA,NA,NA,NA,NA
SweetCornRNAseqExp,jmh579@cornell.edu,SC_RNA_04,G01,4577,19A0200,243,20,Experimental,Kernel,2,200,10,0,1,2,2,19,17A0406,12,10
SweetCornRNAseqExp,jmh579@cornell.edu,SC_RNA_04,H01,4577,19A0157,212,20,Experimental,Kernel,IL731a,157,8,0,1,2,3,15,17A0349,12,10
SweetCornRNAseqExp,jmh579@cornell.edu,SC_RNA_04,A02,4577,19A0132,204,20,Experimental,Kernel,P39,132,6,0,1,1,1,12,16A2149,12,10
SweetCornRNAseqExp,jmh579@cornell.edu,SC_RNA_04,B02,4577,19A0087,201,20,Experimental,Kernel,Fa32B,87,4,0,1,1,2,8,17A0102,12,10
SweetCornRNAseqExp,jmh579@cornell.edu,SC_RNA_04,C02,4577,19A0142,207,20,Experimental,Kernel,Ia45-2,142,7,0,1,1,10,13,15A0496,12,10
SweetCornRNAseqExp,jmh579@cornell.edu,SC_RNA_04,D02,4577,19A0065,200,20,Experimental,Kernel,Wh94053,65,3,0,1,1,2,6,17A0062,12,10
SweetCornRNAseqExp,jmh579@cornell.edu,SC_RNA_04,E02,4577,19A0144,207,20,Experimental,Kernel,W822Gse,144,7,0,1,1,11,14,17A0018,12,10
SweetCornRNAseqExp,jmh579@cornell.edu,SC_RNA_04,F02,4577,19A0117,256,20,Experimental,Kernel,OLCOTT,117,6,0,1,1,7,11,17A0150,12,10
SweetCornRNAseqExp,jmh579@cornell.edu,SC_RNA_04,G02,4577,19A0125,240,20,Experimental,Kernel,W7151,125,6,0,1,1,8,12,17A0824,12,10
SweetCornRNAseqExp,jmh579@cornell.edu,SC_RNA_04,H02,4577,Pos_Control,200,20,Pos_Control,Kernel,NA,NA,NA,NA,NA,NA,NA,NA,NA,NA,NA
SweetCornRNAseqExp,jmh579@cornell.edu,SC_RNA_04,A03,4577,19A0119,215,20,Experimental,Kernel,IL369b,119,6,0,1,1,9,11,16A2289,12,10
SweetCornRNAseqExp,jmh579@cornell.edu,SC_RNA_04,B03,4577,Pos_Control,200,20,Pos_Control,Kernel,NA,NA,NA,NA,NA,NA,NA,NA,NA,NA,NA
SweetCornRNAseqExp,jmh579@cornell.edu,SC_RNA_04,C03,4577,19A0328,241,20,Experimental,Kernel,CHECK2,328,15,1,1,2,3,30,17A0140,12,10
SweetCornRNAseqExp,jmh579@cornell.edu,SC_RNA_04,D03,4577,19A0411,217,20,Experimental,Kernel,Ma401,411,19,0,1,3,8,38,17A0512,12,10
SweetCornRNAseqExp,jmh579@cornell.edu,SC_RNA_04,E03,4577,19A0461,208,20,Experimental,Kernel,IL701e,461,21,0,1,3,2,42,17A0488,12,10
SweetCornRNAseqExp,jmh579@cornell.edu,SC_RNA_04,F03,4577,19A0453,213,20,Experimental,Kernel,Wh93016,453,21,0,1,3,10,42,17A0578,12,10
SweetCornRNAseqExp,jmh579@cornell.edu,SC_RNA_04,G03,4577,19A0190,256,20,Experimental,Kernel,Wuh07429i,190,9,0,1,2,9,18,17A0269,12,10
SweetCornRNAseqExp,jmh579@cornell.edu,SC_RNA_04,H03,4577,19A0329,211,20,Experimental,Kernel,fill_c3,329,15,1,1,2,2,30,17A0632,12,10
SweetCornRNAseqExp,jmh579@cornell.edu,SC_RNA_04,A04,4577,19A0251,229,20,Experimental,Kernel,Ia45-3,251,12,0,1,2,9,23,17A0383,12,10
SweetCornRNAseqExp,jmh579@cornell.edu,SC_RNA_04,B04,4577,19A0054,208,20,Experimental,Kernel,Me2,54,3,0,1,1,10,5,15A0508,12,10
SweetCornRNAseqExp,jmh579@cornell.edu,SC_RNA_04,C04,4577,19A0342,205,20,Experimental,Kernel,C42,342,16,0,1,2,11,32,17A0360,12,10
SweetCornRNAseqExp,jmh579@cornell.edu,SC_RNA_04,D04,4577,19A0266,240,20,Experimental,Kernel,Wu00801,266,13,0,1,2,2,25,17A0289,12,10
SweetCornRNAseqExp,jmh579@cornell.edu,SC_RNA_04,E04,4577,19A0288,210,20,Experimental,Kernel,SD176,288,14,0,1,2,2,27,17A0243,12,10
SweetCornRNAseqExp,jmh579@cornell.edu,SC_RNA_04,F04,4577,19A0234,208,20,Experimental,Kernel,IL801a,234,11,0,1,2,9,22,14:32407,12,10
SweetCornRNAseqExp,jmh579@cornell.edu,SC_RNA_04,G04,4577,19A0386,214,20,Experimental,Kernel,IL692c,386,18,0,1,3,11,36,16A2300,12,10
SweetCornRNAseqExp,jmh579@cornell.edu,SC_RNA_04,H04,4577,19A0151,221,20,Experimental,Kernel,Wh08022,151,7,0,1,1,4,14,16A1066,12,10
SweetCornRNAseqExp,jmh579@cornell.edu,SC_RNA_04,A05,4577,19A0215,221,20,Experimental,Kernel,EP61,215,10,0,1,2,6,20,17A0398,12,10
SweetCornRNAseqExp,jmh579@cornell.edu,SC_RNA_04,B05,4577,19A0431,224,20,Experimental,Kernel,IL794a,431,20,0,1,3,10,40,17A0623,12,10
SweetCornRNAseqExp,jmh579@cornell.edu,SC_RNA_04,C05,4577,19A0067,204,20,Experimental,Kernel,fill_c1,67,4,1,1,1,1,7,17A0088,12,10
SweetCornRNAseqExp,jmh579@cornell.edu,SC_RNA_04,D05,4577,19A0150,230,20,Experimental,Kernel,Me121-wb,150,7,0,1,1,5,14,3.604861111,12,10
SweetCornRNAseqExp,jmh579@cornell.edu,SC_RNA_04,E05,4577,19A0268,236,20,Experimental,Kernel,Ma5125,268,13,0,1,2,4,25,17A0350,12,10
SweetCornRNAseqExp,jmh579@cornell.edu,SC_RNA_04,F05,4577,19A0412,204,20,Experimental,Kernel,CHECK3,412,19,1,1,3,7,38,17A0632,12,10
SweetCornRNAseqExp,jmh579@cornell.edu,SC_RNA_04,G05,4577,19A0186,212,20,Experimental,Kernel,CHECK3,186,9,1,1,2,10,17,17A0632,12,10
SweetCornRNAseqExp,jmh579@cornell.edu,SC_RNA_04,H05,4577,19A0163,211,20,Experimental,Kernel,C27,163,8,0,1,2,9,15,17A0344,12,10
SweetCornRNAseqExp,jmh579@cornell.edu,SC_RNA_04,A06,4577,19A0016,220,20,Experimental,Kernel,We05411,16,1,0,1,1,7,2,17A0783,12,10
SweetCornRNAseqExp,jmh579@cornell.edu,SC_RNA_04,B06,4577,19A0096,236,20,Experimental,Kernel,CHECK2,96,5,1,1,1,8,9,17A0140,12,10
SweetCornRNAseqExp,jmh579@cornell.edu,SC_RNA_04,C06,4577,19A0380,232,20,Experimental,Kernel,IL430a,380,18,0,1,3,6,35,17A0519,12,10
SweetCornRNAseqExp,jmh579@cornell.edu,SC_RNA_04,D06,4577,19A0199,200,20,Experimental,Kernel,MDM-17,199,10,0,1,2,1,19,17A0195,12,10
SweetCornRNAseqExp,jmh579@cornell.edu,SC_RNA_04,E06,4577,19A0180,200,20,Experimental,Kernel,IL776a,180,9,0,1,2,4,17,17A0382,12,10
SweetCornRNAseqExp,jmh579@cornell.edu,SC_RNA_04,F06,4577,19A0181,203,20,Experimental,Kernel,M45,181,9,0,1,2,5,17,16A2129,12,10
SweetCornRNAseqExp,jmh579@cornell.edu,SC_RNA_04,G06,4577,19A0399,279,20,Experimental,Kernel,IL91j,399,19,0,1,3,3,37,17A0591,12,10
SweetCornRNAseqExp,jmh579@cornell.edu,SC_RNA_04,H06,4577,19A0128,213,20,Experimental,Kernel,NJ7Y,128,6,0,1,1,5,12,14:32568,12,10
SweetCornRNAseqExp,jmh579@cornell.edu,SC_RNA_04,A07,4577,19A0347,203,20,Experimental,Kernel,W6366,347,16,0,1,2,6,32,17A0200,12,10
SweetCornRNAseqExp,jmh579@cornell.edu,SC_RNA_04,B07,4577,19A0082,220,20,Experimental,Kernel,Wh05032a,82,4,0,1,1,7,8,17A0771,12,10
SweetCornRNAseqExp,jmh579@cornell.edu,SC_RNA_04,C07,4577,19A0175,229,20,Experimental,Kernel,T62s,175,8,0,1,2,2,16,17A0318,12,10
SweetCornRNAseqExp,jmh579@cornell.edu,SC_RNA_04,D07,1,BLANK,0,0,Neg_Control,NA,NA,NA,NA,NA,NA,NA,NA,NA,NA,NA,NA
SweetCornRNAseqExp,jmh579@cornell.edu,SC_RNA_04,E07,4577,19A0248,200,20,Experimental,Kernel,Wh09075,248,12,0,1,2,6,23,17A0341,12,10
SweetCornRNAseqExp,jmh579@cornell.edu,SC_RNA_04,F07,4577,19A0292,224,20,Experimental,Kernel,NJ159,292,14,0,1,2,6,27,17A0417,12,10
SweetCornRNAseqExp,jmh579@cornell.edu,SC_RNA_04,G07,4577,19A0352,216,20,Experimental,Kernel,Wuh09188i,352,16,0,1,2,1,32,14:41822,12,10
SweetCornRNAseqExp,jmh579@cornell.edu,SC_RNA_04,H07,4577,19A0256,220,20,Experimental,Kernel,IL318a,256,12,0,1,2,9,24,17A0456,12,10
SweetCornRNAseqExp,jmh579@cornell.edu,SC_RNA_04,A08,4577,19A0170,265,20,Experimental,Kernel,Jubileeex9017,170,8,0,1,2,7,16,17A0330,12,10
SweetCornRNAseqExp,jmh579@cornell.edu,SC_RNA_04,B08,4577,19A0105,203,20,Experimental,Kernel,Wh1095407-2,105,5,0,1,1,6,10,17A0078,12,10
SweetCornRNAseqExp,jmh579@cornell.edu,SC_RNA_04,C08,4577,19A0340,222,20,Experimental,Kernel,Wuh07186i,340,16,0,1,2,10,31,14:41615,12,10
SweetCornRNAseqExp,jmh579@cornell.edu,SC_RNA_04,D08,4577,19A0237,223,20,Experimental,Kernel,IL779a,237,11,0,1,2,6,22,17A0264,12,10
SweetCornRNAseqExp,jmh579@cornell.edu,SC_RNA_04,E08,4577,19A0332,215,20,Experimental,Kernel,Wh10049R,332,16,0,1,2,2,31,17A0312,12,10
SweetCornRNAseqExp,jmh579@cornell.edu,SC_RNA_04,F08,4577,19A0209,248,20,Experimental,Kernel,CHECK3,209,10,1,1,2,11,19,17A0632,12,10
SweetCornRNAseqExp,jmh579@cornell.edu,SC_RNA_04,G08,4577,19A0066,212,20,Experimental,Kernel,SD908,66,3,0,1,1,1,6,17A0829,12,10
SweetCornRNAseqExp,jmh579@cornell.edu,SC_RNA_04,H08,4577,19A0420,202,20,Experimental,Kernel,IL354a,420,20,0,1,3,2,39,17A0486,12,10
SweetCornRNAseqExp,jmh579@cornell.edu,SC_RNA_04,A09,4577,19A0432,226,20,Experimental,Kernel,IL543c,432,20,0,1,3,9,40,17A0468,12,10
SweetCornRNAseqExp,jmh579@cornell.edu,SC_RNA_04,B09,4577,19A0164,288,20,Experimental,Kernel,IL757b,164,8,0,1,2,10,15,17A0375,12,10
SweetCornRNAseqExp,jmh579@cornell.edu,SC_RNA_04,C09,4577,19A0034,231,20,Experimental,Kernel,SD884,34,2,0,1,1,11,4,17A0166,12,10
SweetCornRNAseqExp,jmh579@cornell.edu,SC_RNA_04,D09,4577,19A0235,201,20,Experimental,Kernel,fill_c3,235,11,1,1,2,8,22,17A0632,12,10
SweetCornRNAseqExp,jmh579@cornell.edu,SC_RNA_04,E09,4577,19A0174,253,20,Experimental,Kernel,IL772a,174,8,0,1,2,3,16,17A0377,12,10
SweetCornRNAseqExp,jmh579@cornell.edu,SC_RNA_04,F09,4577,19A0281,207,20,Experimental,Kernel,IL804a,281,13,0,1,2,6,26,17A0432,12,10
SweetCornRNAseqExp,jmh579@cornell.edu,SC_RNA_04,G09,4577,19A0314,218,20,Experimental,Kernel,We02404,314,15,0,1,2,6,29,17A0334,12,10
SweetCornRNAseqExp,jmh579@cornell.edu,SC_RNA_04,H09,4577,19A0158,215,20,Experimental,Kernel,P39M94,158,8,0,1,2,4,15,17A0455,12,10
SweetCornRNAseqExp,jmh579@cornell.edu,SC_RNA_04,A10,4577,19A0277,229,20,Experimental,Kernel,MDM-20,277,13,0,1,2,10,26,17A0288,12,10
SweetCornRNAseqExp,jmh579@cornell.edu,SC_RNA_04,B10,4577,19A0075,256,20,Experimental,Kernel,Wh09126R,75,4,0,1,1,9,7,17A0110,12,10
SweetCornRNAseqExp,jmh579@cornell.edu,SC_RNA_04,C10,4577,19A0250,262,20,Experimental,Kernel,IL557a,250,12,0,1,2,8,23,17A0439,12,10
SweetCornRNAseqExp,jmh579@cornell.edu,SC_RNA_04,D10,4577,19A0270,204,20,Experimental,Kernel,IL707a,270,13,0,1,2,6,25,17A0179,12,10
SweetCornRNAseqExp,jmh579@cornell.edu,SC_RNA_04,E10,4577,19A0228,213,20,Experimental,Kernel,CHECK3,228,11,1,1,2,8,21,17A0632,12,10
SweetCornRNAseqExp,jmh579@cornell.edu,SC_RNA_04,F10,4577,19A0212,276,20,Experimental,Kernel,Wh96034,212,10,0,1,2,9,20,11:10405,12,10
SweetCornRNAseqExp,jmh579@cornell.edu,SC_RNA_04,G10,4577,19A0413,206,20,Experimental,Kernel,EP82,413,19,0,1,3,6,38,17A0613,12,10
SweetCornRNAseqExp,jmh579@cornell.edu,SC_RNA_04,H10,4577,19A0401,211,20,Experimental,Kernel,IL442a,401,19,0,1,3,5,37,17A0614,12,10
SweetCornRNAseqExp,jmh579@cornell.edu,SC_RNA_04,A11,4577,19A0095,216,20,Experimental,Kernel,Me1,95,5,0,1,1,7,9,17A1364,12,10
SweetCornRNAseqExp,jmh579@cornell.edu,SC_RNA_04,B11,4577,19A0098,225,20,Experimental,Kernel,C18,98,5,0,1,1,10,9,17A0175,12,10
SweetCornRNAseqExp,jmh579@cornell.edu,SC_RNA_04,C11,4577,19A0137,209,20,Experimental,Kernel,Wh10802R,137,7,0,1,1,5,13,17a1444,12,10
SweetCornRNAseqExp,jmh579@cornell.edu,SC_RNA_04,D11,4577,19A0278,202,20,Experimental,Kernel,IL799b,278,13,0,1,2,9,26,17A0300,12,10
SweetCornRNAseqExp,jmh579@cornell.edu,SC_RNA_04,E11,4577,19A0092,221,20,Experimental,Kernel,Ia453,92,5,0,1,1,4,9,17A0121,12,10
SweetCornRNAseqExp,jmh579@cornell.edu,SC_RNA_04,F11,4577,19A0156,209,20,Experimental,Kernel,fill_c2,156,8,1,1,2,2,15,17A0140,12,10
SweetCornRNAseqExp,jmh579@cornell.edu,SC_RNA_04,G11,4577,19A0445,224,20,Experimental,Kernel,C68,445,21,0,1,3,5,41,16A2044,12,10
SweetCornRNAseqExp,jmh579@cornell.edu,SC_RNA_04,H11,4577,19A0339,226,20,Experimental,Kernel,SD42,339,16,0,1,2,9,31,17A0272,12,10
SweetCornRNAseqExp,jmh579@cornell.edu,SC_RNA_04,A12,4577,19A0319,220,20,Experimental,Kernel,IL47A,319,15,0,1,2,11,29,3.427777778,12,10
SweetCornRNAseqExp,jmh579@cornell.edu,SC_RNA_04,B12,4577,19A0241,213,20,Experimental,Kernel,IL689a,241,11,0,1,2,2,22,17A0277,12,10
SweetCornRNAseqExp,jmh579@cornell.edu,SC_RNA_04,C12,4577,19A0233,202,20,Experimental,Kernel,Wh07166R,233,11,0,1,2,10,22,6.088194444,12,10
SweetCornRNAseqExp,jmh579@cornell.edu,SC_RNA_04,D12,4577,19A0284,236,20,Experimental,Kernel,We06410,284,13,0,1,2,3,26,17A0380,12,10
SweetCornRNAseqExp,jmh579@cornell.edu,SC_RNA_04,E12,4577,19A0168,267,20,Experimental,Kernel,CHECK3,168,8,1,1,2,9,16,17A0632,12,10
SweetCornRNAseqExp,jmh579@cornell.edu,SC_RNA_04,F12,4577,19A0239,216,20,Experimental,Kernel,IL788a,239,11,0,1,2,4,22,17A0196,12,10
SweetCornRNAseqExp,jmh579@cornell.edu,SC_RNA_04,G12,4577,19A0372,201,20,Experimental,Kernel,IL18b,372,17,0,1,3,3,34,17A0513,12,10
SweetCornRNAseqExp,jmh579@cornell.edu,SC_RNA_04,H12,4577,19A0177,202,20,Experimental,Kernel,fill_c3,177,9,1,1,2,1,17,17A0632,12,10
SweetCornRNAseqExp,jmh579@cornell.edu,SC_RNA_05,A01,4577,19A0245,217,20,Experimental,Kernel,IL437a,245,12,0,1,2,3,23,17A0327,12,10
SweetCornRNAseqExp,jmh579@cornell.edu,SC_RNA_05,B01,4577,19A0238,218,20,Experimental,Kernel,Wh10080,238,11,0,1,2,5,22,17A0453,12,10
SweetCornRNAseqExp,jmh579@cornell.edu,SC_RNA_05,C01,4577,19A0187,216,20,Experimental,Kernel,C8w,187,9,0,1,2,11,17,17A0366,12,10
SweetCornRNAseqExp,jmh579@cornell.edu,SC_RNA_05,D01,4577,19A0167,207,20,Experimental,Kernel,EP84,167,8,0,1,2,10,16,17A0218,12,10
SweetCornRNAseqExp,jmh579@cornell.edu,SC_RNA_05,E01,4577,19A0019,222,20,Experimental,Kernel,Wuh09144i,19,1,0,1,1,4,2,17A0099,12,10
SweetCornRNAseqExp,jmh579@cornell.edu,SC_RNA_05,F01,4577,19A0424,214,20,Experimental,Kernel,CHECK3,424,20,1,1,3,6,39,17A0632,12,10
SweetCornRNAseqExp,jmh579@cornell.edu,SC_RNA_05,G01,4577,19A0140,211,20,Experimental,Kernel,Wh09083,140,7,0,1,1,8,13,17A0145,12,10
SweetCornRNAseqExp,jmh579@cornell.edu,SC_RNA_05,H01,4577,19A0003,249,20,Experimental,Kernel,Wh08092,3,1,0,1,1,3,1,17A0061,12,10
SweetCornRNAseqExp,jmh579@cornell.edu,SC_RNA_05,A02,4577,19A0060,229,20,Experimental,Kernel,CHECK1,60,3,1,1,1,7,6,17A088,12,10
SweetCornRNAseqExp,jmh579@cornell.edu,SC_RNA_05,B02,4577,19A0375,205,20,Experimental,Kernel,A685su,375,18,0,1,3,1,35,17A0516,12,10
SweetCornRNAseqExp,jmh579@cornell.edu,SC_RNA_05,C02,4577,19A0402,210,20,Experimental,Kernel,IL366a,402,19,0,1,3,6,37,17A0581,12,10
SweetCornRNAseqExp,jmh579@cornell.edu,SC_RNA_05,D02,4577,19A0391,232,20,Experimental,Kernel,M6388,391,18,0,1,3,6,36,17A0484,12,10
SweetCornRNAseqExp,jmh579@cornell.edu,SC_RNA_05,E02,4577,19A0071,202,20,Experimental,Kernel,Wh07061a,71,4,0,1,1,5,7,17A0038,12,10
SweetCornRNAseqExp,jmh579@cornell.edu,SC_RNA_05,F02,4577,19A0045,229,20,Experimental,Kernel,We05407,45,3,0,1,1,1,5,17A0134,12,10
SweetCornRNAseqExp,jmh579@cornell.edu,SC_RNA_05,G02,4577,19A0452,227,20,Experimental,Kernel,IL110K,452,21,0,1,3,11,42,17A0604,12,10
SweetCornRNAseqExp,jmh579@cornell.edu,SC_RNA_05,H02,4577,19A0362,215,20,Experimental,Kernel,CHECK3,362,17,1,1,3,10,33,17A0632,12,10
SweetCornRNAseqExp,jmh579@cornell.edu,SC_RNA_05,A03,4577,19A0197,206,20,Experimental,Kernel,C81,197,9,0,1,2,2,18,17A0256,12,10
SweetCornRNAseqExp,jmh579@cornell.edu,SC_RNA_05,B03,4577,19A0322,218,20,Experimental,Kernel,W5543,322,15,0,1,2,9,30,17A0180,12,10
SweetCornRNAseqExp,jmh579@cornell.edu,SC_RNA_05,C03,4577,19A0188,224,20,Experimental,Kernel,CHECK2,188,9,1,1,2,11,18,17A0140,12,10
SweetCornRNAseqExp,jmh579@cornell.edu,SC_RNA_05,D03,4577,19A0017,234,20,Experimental,Kernel,W822GSe,17,1,0,1,1,6,2,17A0152,12,10
SweetCornRNAseqExp,jmh579@cornell.edu,SC_RNA_05,E03,4577,19A0373,223,20,Experimental,Kernel,IL798c,373,17,0,1,3,2,34,17A0530,12,10
SweetCornRNAseqExp,jmh579@cornell.edu,SC_RNA_05,F03,4577,19A0383,214,20,Experimental,Kernel,T33,383,18,0,1,3,9,35,17A0546,12,10
SweetCornRNAseqExp,jmh579@cornell.edu,SC_RNA_05,G03,4577,19A0145,204,20,Experimental,Kernel,IL676a,145,7,0,1,1,10,14,16A0514,12,10
SweetCornRNAseqExp,jmh579@cornell.edu,SC_RNA_05,H03,4577,19A0351,247,20,Experimental,Kernel,C27red,351,16,0,1,2,2,32,17A0410,12,10
SweetCornRNAseqExp,jmh579@cornell.edu,SC_RNA_05,A04,4577,19A0004,222,20,Experimental,Kernel,MDM-19,4,1,0,1,1,4,1,16A2327,12,10
SweetCornRNAseqExp,jmh579@cornell.edu,SC_RNA_05,B04,4577,19A0405,226,20,Experimental,Kernel,IL368a,405,19,0,1,3,9,37,3.395833333,12,10
SweetCornRNAseqExp,jmh579@cornell.edu,SC_RNA_05,C04,4577,19A0455,209,20,Experimental,Kernel,IL795a,455,21,0,1,3,8,42,17A0618,12,10
SweetCornRNAseqExp,jmh579@cornell.edu,SC_RNA_05,D04,4577,19A0217,223,20,Experimental,Kernel,IL747b,217,10,0,1,2,4,20,17A0404,12,10
SweetCornRNAseqExp,jmh579@cornell.edu,SC_RNA_05,E04,4577,19A0214,200,20,Experimental,Kernel,IL325a,214,10,0,1,2,7,20,3.393055556,12,10
SweetCornRNAseqExp,jmh579@cornell.edu,SC_RNA_05,F04,4577,19A0285,210,20,Experimental,Kernel,IL611a,285,13,0,1,2,2,26,17A0283,12,10
SweetCornRNAseqExp,jmh579@cornell.edu,SC_RNA_05,G04,1,BLANK,0,0,Neg_Control,NA,NA,NA,NA,NA,NA,NA,NA,NA,NA,NA,NA
SweetCornRNAseqExp,jmh579@cornell.edu,SC_RNA_05,H04,4577,Pos_Control,200,20,Pos_Control,Kernel,NA,NA,NA,NA,NA,NA,NA,NA,NA,NA,NA
SweetCornRNAseqExp,jmh579@cornell.edu,SC_RNA_05,A05,4577,19A0264,212,20,Experimental,Kernel,Wuh09093i,264,12,0,1,2,1,24,17A0181,12,10
SweetCornRNAseqExp,jmh579@cornell.edu,SC_RNA_05,B05,4577,19A0052,227,20,Experimental,Kernel,SD883,52,3,0,1,1,8,5,17A0133,12,10
SweetCornRNAseqExp,jmh579@cornell.edu,SC_RNA_05,C05,4577,19A0030,203,20,Experimental,Kernel,CHECK2,30,2,1,1,1,8,3,17A0140,12,10
SweetCornRNAseqExp,jmh579@cornell.edu,SC_RNA_05,D05,4577,19A0260,208,20,Experimental,Kernel,P39xRp1d,260,12,0,1,2,5,24,17A0235,12,10
SweetCornRNAseqExp,jmh579@cornell.edu,SC_RNA_05,E05,4577,19A0038,234,20,Experimental,Kernel,Wh04036V,38,2,0,1,1,7,4,17A0057,12,10
SweetCornRNAseqExp,jmh579@cornell.edu,SC_RNA_05,F05,4577,19A0324,213,20,Experimental,Kernel,W6720-1,324,15,0,1,2,7,30,17A0422,12,10
SweetCornRNAseqExp,jmh579@cornell.edu,SC_RNA_05,G05,4577,19A0043,225,20,Experimental,Kernel,Wh03031,43,2,0,1,1,2,4,17A0174,12,10
SweetCornRNAseqExp,jmh579@cornell.edu,SC_RNA_05,H05,4577,19A0155,227,20,Experimental,Kernel,CHECK2,155,8,1,1,2,1,15,17A0140,12,10
SweetCornRNAseqExp,jmh579@cornell.edu,SC_RNA_05,A06,4577,19A0291,223,20,Experimental,Kernel,fill_c2,291,14,1,1,2,5,27,17A0140,12,10
SweetCornRNAseqExp,jmh579@cornell.edu,SC_RNA_05,B06,4577,19A0317,200,20,Experimental,Kernel,CHECK3,317,15,1,1,2,9,29,17A0632,12,10
SweetCornRNAseqExp,jmh579@cornell.edu,SC_RNA_05,C06,4577,19A0073,208,20,Experimental,Kernel,C12-1,73,4,0,1,1,7,7,17A2092,12,10
SweetCornRNAseqExp,jmh579@cornell.edu,SC_RNA_05,D06,4577,19A0436,209,20,Experimental,Kernel,fill_c3,436,20,1,1,3,5,40,17A0632,12,10
SweetCornRNAseqExp,jmh579@cornell.edu,SC_RNA_05,E06,4577,19A0282,216,20,Experimental,Kernel,Il101t,282,13,0,1,2,5,26,17A0270,12,10
SweetCornRNAseqExp,jmh579@cornell.edu,SC_RNA_05,F06,4577,19A0460,275,20,Experimental,Kernel,CHECK3,460,21,1,1,3,3,42,17A0632,12,10
SweetCornRNAseqExp,jmh579@cornell.edu,SC_RNA_05,G06,4577,19A0208,234,20,Experimental,Kernel,MDM-5,208,10,0,1,2,10,19,17A0230,12,10
SweetCornRNAseqExp,jmh579@cornell.edu,SC_RNA_05,H06,4577,19A0338,218,20,Experimental,Kernel,Wuh08127i,338,16,0,1,2,8,31,17A0188,12,10
SweetCornRNAseqExp,jmh579@cornell.edu,SC_RNA_05,A07,4577,19A0407,262,20,Experimental,Kernel,T625,407,19,0,1,3,11,37,16A2342,12,10
SweetCornRNAseqExp,jmh579@cornell.edu,SC_RNA_05,B07,4577,19A0048,207,20,Experimental,Kernel,Wu04819,48,3,0,1,1,4,5,17A0155,12,10
SweetCornRNAseqExp,jmh579@cornell.edu,SC_RNA_05,C07,4577,19A0011,235,20,Experimental,Kernel,SD909,11,1,0,1,1,11,1,17A0733,12,10
SweetCornRNAseqExp,jmh579@cornell.edu,SC_RNA_05,D07,4577,19A0308,227,20,Experimental,Kernel,IaCG4189,308,14,0,1,2,1,28,17A0549,12,10
SweetCornRNAseqExp,jmh579@cornell.edu,SC_RNA_05,E07,4577,19A0001,263,20,Experimental,Kernel,fill_c2,1,1,1,1,1,1,1,17A0140,12,10
SweetCornRNAseqExp,jmh579@cornell.edu,SC_RNA_05,F07,4577,19A0307,232,20,Experimental,Kernel,W6757,307,14,0,1,2,2,28,17A0527,12,10
SweetCornRNAseqExp,jmh579@cornell.edu,SC_RNA_05,G07,4577,19A0396,225,20,Experimental,Kernel,fill_c3,396,18,1,1,3,1,36,17A0632,12,10
SweetCornRNAseqExp,jmh579@cornell.edu,SC_RNA_05,H07,4577,19A0459,233,20,Experimental,Kernel,IL200e,459,21,0,1,3,4,42,17A0583,12,10
SweetCornRNAseqExp,jmh579@cornell.edu,SC_RNA_05,A08,4577,19A0152,212,20,Experimental,Kernel,C3,152,7,0,1,1,3,14,17A2080,12,10
SweetCornRNAseqExp,jmh579@cornell.edu,SC_RNA_05,B08,1,Neg_Control,0,20,Neg_Control,NA,NA,NA,NA,NA,NA,NA,NA,NA,NA,NA,NA
SweetCornRNAseqExp,jmh579@cornell.edu,SC_RNA_05,C08,4577,19A0451,243,20,Experimental,Kernel,IL303b,451,21,0,1,3,11,41,17A0464,12,10
SweetCornRNAseqExp,jmh579@cornell.edu,SC_RNA_05,D08,4577,19A0120,227,20,Experimental,Kernel,P39Le-253,120,6,0,1,1,10,11,17A0167,12,10
SweetCornRNAseqExp,jmh579@cornell.edu,SC_RNA_05,E08,4577,19A0130,208,20,Experimental,Kernel,fill_c1,130,6,1,1,1,3,12,17A0088,12,10
SweetCornRNAseqExp,jmh579@cornell.edu,SC_RNA_05,F08,4577,19A0429,218,20,Experimental,Kernel,IL393a,429,20,0,1,3,11,39,17A0595,12,10
SweetCornRNAseqExp,jmh579@cornell.edu,SC_RNA_05,G08,4577,19A0166,212,20,Experimental,Kernel,We02412,166,8,0,1,2,11,16,16A2188,12,10
SweetCornRNAseqExp,jmh579@cornell.edu,SC_RNA_05,H08,4577,Pos_Control,200,20,Pos_Control,Kernel,NA,NA,NA,NA,NA,NA,NA,NA,NA,NA,NA
SweetCornRNAseqExp,jmh579@cornell.edu,SC_RNA_05,A09,4577,19A0263,217,20,Experimental,Kernel,Wh09117R,263,12,0,1,2,2,24,17A0346,12,10
SweetCornRNAseqExp,jmh579@cornell.edu,SC_RNA_05,B09,4577,19A0064,232,20,Experimental,Kernel,Wh08042,64,3,0,1,1,3,6,17A1412,12,10
SweetCornRNAseqExp,jmh579@cornell.edu,SC_RNA_05,C09,4577,19A0363,231,20,Experimental,Kernel,SC6069,363,17,0,1,3,11,33,17A0634,12,10
SweetCornRNAseqExp,jmh579@cornell.edu,SC_RNA_05,D09,4577,19A0377,235,20,Experimental,Kernel,Ia5261,377,18,0,1,3,3,35,17A0473,12,10
SweetCornRNAseqExp,jmh579@cornell.edu,SC_RNA_05,E09,4577,19A0097,223,20,Experimental,Kernel,WVG3,97,5,0,1,1,9,9,17A0807,12,10
SweetCornRNAseqExp,jmh579@cornell.edu,SC_RNA_05,F09,4577,19A0385,219,20,Experimental,Kernel,M5,385,18,0,1,3,11,35,17A0466,12,10
SweetCornRNAseqExp,jmh579@cornell.edu,SC_RNA_05,G09,4577,19A0417,231,20,Experimental,Kernel,IL44b,417,19,0,1,3,2,38,17A0554,12,10
SweetCornRNAseqExp,jmh579@cornell.edu,SC_RNA_05,H09,4577,19A0416,212,20,Experimental,Kernel,M822,416,19,0,1,3,3,38,17A0551,12,10
SweetCornRNAseqExp,jmh579@cornell.edu,SC_RNA_05,A10,4577,19A0275,222,20,Experimental,Kernel,CHECK2,275,13,1,1,2,11,25,17A0140,12,10
SweetCornRNAseqExp,jmh579@cornell.edu,SC_RNA_05,B10,4577,19A0135,226,20,Experimental,Kernel,We09425,135,7,0,1,1,3,13,17A0172,12,10